city_key,city,country,lat,lon,semantic_overlap,n_papers,n_projects,cs_paper_share,cs_project_share,first_proj_year,last_proj_year,proj_year_span
cambridge,Cambridge,US,42.362300872802734,-71.09395599365234,0.9929877519607544,294,40,0.01020408163265306,0.025,2009,2025,16
shanghai,Shanghai,CN,31.22221946716309,121.45806121826172,0.9916305541992188,108,216,0.018518518518518517,0.027777777777777776,2009,2025,16
tianjin,Tianjin,CN,39.14221954345703,117.17666625976562,0.9909089803695679,87,35,0.05747126436781609,0.0,2009,2025,16
berkeley,Berkeley,US,37.87159,-122.27275,0.9903020858764648,76,13,0.13157894736842105,0.07692307692307693,2009,2023,14
boston,Boston,US,42.358428955078125,-71.05976867675781,0.9897559881210327,78,25,0.02564102564102564,0.0,2009,2025,16
beijing,Beijing,CN,39.9075,116.39723,0.9895097017288208,290,258,0.034482758620689655,0.007751937984496124,2009,2025,16
hangzhou,Hangzhou,CN,30.29365,120.16142,0.9886350631713867,51,45,0.0196078431372549,0.0,2011,2025,14
urbana,Urbana,US,40.11059,-88.20727,0.9884379506111145,57,16,0.10526315789473684,0.0625,2009,2022,13
marburg,Marburg,DE,50.80904006958008,8.770689964294434,0.9877946376800537,23,11,0.13043478260869565,0.0,2012,2025,13
changsha,Changsha,CN,28.19874,112.97087,0.9877119660377502,18,26,0.0,0.0,2014,2025,11
shenzhen,Shenzhen,CN,22.533105850219727,113.9328155517578,0.9875030517578125,30,125,0.06666666666666667,0.008,2012,2025,13
guangzhou,Guangzhou,CN,23.11667,113.25,0.987490713596344,59,52,0.03389830508474576,0.038461538461538464,2012,2025,13
singapore,Singapore,SG,1.28967,103.85007,0.9871801137924194,57,20,0.05263157894736842,0.0,2009,2025,16
munich,Munich,DE,48.13743,11.57549,0.9869973659515381,50,18,0.02,0.05555555555555555,2010,2025,15
wuhan,Wuhan,CN,30.583330154418945,114.26667022705078,0.9869159460067749,54,102,0.037037037037037035,0.049019607843137254,2011,2025,14
san diego,San Diego,US,32.71571,-117.16472,0.9869031310081482,84,43,0.03571428571428571,0.06976744186046512,2013,2025,12
paris,Paris,FR,48.85341,2.3488,0.9866427183151245,117,37,0.03418803418803419,0.02702702702702703,2009,2025,16
durham,Durham,US,35.99403,-78.89862,0.9861672520637512,34,17,0.08823529411764706,0.0,2009,2025,16
hefei,Hefei,CN,31.863889694213867,117.28083038330078,0.9860804080963135,17,35,0.0,0.0,2009,2024,15
stanford,Stanford,US,37.42411,-122.16608,0.9860605597496033,66,13,0.0,0.0,2010,2025,15
copenhagen,Copenhagen,DK,55.67594,12.56553,0.9859496355056763,52,13,0.019230769230769232,0.0,2011,2024,13
kongens lyngby,Kongens Lyngby,DK,55.77043914794922,12.503780364990234,0.9858710765838623,18,14,0.05555555555555555,0.0,2009,2023,14
hong kong,Hong Kong,HK,22.27832,114.17469,0.9850617051124573,24,95,0.0,0.031578947368421054,2009,2025,16
montreal,Montreal,CA,45.50884,-73.58781,0.9849423170089722,27,18,0.037037037037037035,0.0,2009,2025,16
nanjing,Nanjing,CN,32.061668395996094,118.77777862548828,0.9849261045455933,34,45,0.029411764705882353,0.044444444444444446,2012,2025,13
london,London,GB,51.50853,-0.12574,0.9846281409263611,236,29,0.0211864406779661,0.0,2009,2025,16
minneapolis,Minneapolis,US,44.97997,-93.26384,0.984340488910675,49,10,0.02040816326530612,0.0,2009,2018,9
vienna,Vienna,AT,48.20848846435547,16.372079849243164,0.9840604066848755,56,8,0.017857142857142856,0.0,2017,2024,7
harbin,Harbin,CN,45.75,126.6500015258789,0.9833918213844299,25,19,0.04,0.0,2011,2025,14
new york,New York,US,40.71427154541016,-74.00596618652344,0.9832602143287659,98,35,0.0,0.02857142857142857,2009,2025,16
san francisco,San Francisco,US,37.77493,-122.41942,0.9831275939941406,63,12,0.015873015873015872,0.0,2009,2025,16
evanston,Evanston,US,42.04114,-87.69006,0.9829081296920776,35,9,0.0,0.0,2010,2019,9
chicago,Chicago,US,41.85003,-87.65005,0.9827053546905518,16,16,0.0,0.0,2009,2025,16
freiburg im breisgau,Freiburg im Breisgau,DE,47.99589920043945,7.852220058441162,0.9826633334159851,28,14,0.0,0.07142857142857142,2009,2023,14
baltimore,Baltimore,US,39.29038,-76.61219,0.9826387166976929,46,23,0.0,0.0,2009,2025,16
davis,Davis,US,38.54491,-121.74052,0.9826180934906006,26,10,0.15384615384615385,0.0,2009,2021,12
jinan,Jinan,CN,36.66833,116.99722,0.9826017618179321,17,15,0.0,0.06666666666666667,2016,2024,8
xiamen,Xiamen,CN,24.47978973388672,118.08187103271484,0.9825122356414795,8,21,0.0,0.0,2011,2025,14
seoul,Seoul,KR,37.566,126.9784,0.9823374152183533,81,36,0.012345679012345678,0.05555555555555555,2009,2025,16
sydney,Sydney,AU,-33.77382278442383,151.11265563964844,0.9822551608085632,45,29,0.0,0.034482758620689655,2010,2025,15
heidelberg,Heidelberg,DE,49.40768,8.69079,0.9822024703025818,49,13,0.0,0.0,2009,2025,16
ithaca,Ithaca,US,42.44063,-76.49661,0.9817043542861938,27,16,0.037037037037037035,0.0,2009,2025,16
bielefeld,Bielefeld,DE,52.03333,8.53333,0.9814354181289673,7,16,0.0,0.0625,2010,2025,15
chengdu,Chengdu,CN,30.66667,104.06667,0.981006920337677,29,38,0.0,0.02631578947368421,2012,2025,13
austin,Austin,US,30.26715,-97.74306,0.9809573888778687,34,16,0.058823529411764705,0.125,2012,2025,13
atlanta,Atlanta,US,33.749,-84.38798,0.9808501601219177,39,24,0.0,0.041666666666666664,2010,2024,14
pittsburgh,Pittsburgh,US,40.44062,-79.99589,0.9808189272880554,22,14,0.045454545454545456,0.0,2012,2021,9
tokyo,Tokyo,JP,35.68949890136719,139.69171142578125,0.9804515242576599,103,56,0.009708737864077669,0.0,2009,2025,16
gainesville,Gainesville,US,29.65163,-82.32483,0.9799097776412964,51,9,0.0196078431372549,0.1111111111111111,2017,2025,8
boulder,Boulder,US,40.014991760253906,-105.2705535888672,0.9798691868782043,19,11,0.15789473684210525,0.0,2012,2023,11
pune,Pune,IN,18.519569396972656,73.8553466796875,0.9798279404640198,9,10,0.0,0.1,2009,2025,16
lausanne,Lausanne,CH,46.516,6.63282,0.9797980785369873,53,23,0.0,0.0,2009,2025,16
zurich,Zurich,CH,47.36667,8.55,0.9796934723854065,105,16,0.01904761904761905,0.0,2011,2025,14
valencia,Valencia,ES,39.47391128540039,-0.3796600103378296,0.9795406460762024,37,13,0.05405405405405406,0.0,2009,2018,9
uppsala,Uppsala,SE,59.85882,17.63889,0.9795074462890625,14,16,0.14285714285714285,0.0625,2009,2025,16
edinburgh,Edinburgh,GB,55.95206,-3.19648,0.9794186353683472,85,10,0.0,0.2,2009,2021,12
athens,Athens,GR,37.983760833740234,23.727840423583984,0.979229748249054,13,16,0.0,0.125,2012,2025,13
college park,College Park,US,38.98067,-76.93692,0.9791196584701538,18,11,0.0,0.0,2014,2025,11
gothenburg,Gothenburg,SE,57.70716,11.96679,0.9791161417961121,17,14,0.11764705882352941,0.0,2009,2025,16
groningen,Groningen,NL,53.21917,6.56667,0.9790092706680298,33,16,0.0,0.0,2009,2025,16
ottawa,Ottawa,CA,45.411170959472656,-75.6981201171875,0.9784958958625793,9,11,0.0,0.0,2009,2025,16
dresden,Dresden,DE,51.05089,13.73832,0.9782982468605042,20,9,0.0,0.0,2009,2025,16
hsinchu,Hsinchu,TW,24.793611526489254,120.9927749633789,0.978187084197998,23,32,0.08695652173913043,0.03125,2009,2025,16
west lafayette,West Lafayette,US,40.42587,-86.90807,0.9781256914138794,11,12,0.09090909090909091,0.08333333333333333,2009,2021,12
chennai,Chennai,IN,13.08784008026123,80.27847290039062,0.9779884219169617,5,22,0.0,0.045454545454545456,2009,2025,16
moscow,Moscow,RU,55.700340270996094,37.58199691772461,0.9775429964065552,44,8,0.0,0.0,2017,2021,4
wageningen,Wageningen,NL,51.97,5.66667,0.9773626327514648,21,12,0.047619047619047616,0.0,2011,2025,14
los angeles,Los Angeles,US,34.05223,-118.24368,0.977275550365448,44,10,0.022727272727272728,0.0,2011,2023,12
bengaluru,Bengaluru,IN,12.97194004058838,77.59368896484375,0.9772705435752869,11,10,0.0,0.0,2016,2025,9
oxford,Oxford,GB,51.75515365600586,-1.2544089555740356,0.9772611856460571,45,11,0.022222222222222223,0.0,2014,2025,11
erlangen,Erlangen,DE,49.59099,11.00783,0.9767322540283203,14,6,0.07142857142857142,0.0,2015,2023,8
barcelona,Barcelona,ES,41.38879,2.15899,0.9767272472381592,49,11,0.0,0.0,2009,2025,16
norwich,Norwich,GB,52.62240982055664,1.2213269472122192,0.9766305088996887,18,6,0.0,0.16666666666666666,2011,2016,5
tempe,Tempe,US,33.41477,-111.90931,0.9765618443489075,35,11,0.05714285714285714,0.0,2011,2025,14
são paulo,São Paulo,BR,-23.5475,-46.63611,0.9764754176139832,21,14,0.0,0.0,2012,2023,11
xi'an,Xi'an,CN,34.258331298828125,108.9286117553711,0.9761309623718262,32,27,0.0,0.037037037037037035,2016,2025,9
new haven,New Haven,US,41.30815,-72.92816,0.97600257396698,23,12,0.0,0.08333333333333333,2010,2025,15
ankara,Ankara,TR,39.91986846923828,32.854270935058594,0.975670576095581,12,26,0.0,0.07692307692307693,2009,2023,14
stockholm,Stockholm,SE,59.32938,18.06871,0.9755966067314148,17,11,0.0,0.0,2010,2024,14
wuxi,Wuxi,CN,31.568870544433594,120.28856658935548,0.9754642248153687,35,4,0.02857142857142857,0.0,2024,2025,1
coventry,Coventry,GB,52.40656,-1.51217,0.9753680229187012,21,11,0.0,0.0,2014,2024,10
manchester,Manchester,GB,53.48095,-2.23743,0.975364625453949,64,11,0.0,0.09090909090909091,2013,2024,11
chongqing,Chongqing,CN,29.55525779724121,106.55440521240234,0.9753037095069885,16,6,0.0,0.0,2016,2025,9
sheffield,Sheffield,GB,53.38297,-1.4659,0.9751570224761963,17,9,0.0,0.0,2009,2024,15
hamilton,Hamilton,CA,43.25011,-79.84963,0.9749691486358643,13,14,0.0,0.0,2012,2025,13
vancouver,Vancouver,CA,49.24966,-123.11934,0.974943995475769,22,16,0.045454545454545456,0.0,2009,2025,16
toronto,Toronto,CA,43.70643,-79.39864,0.9742906093597412,54,18,0.0,0.05555555555555555,2009,2025,16
delft,Delft,NL,52.00667190551758,4.355559825897217,0.9742727279663086,27,16,0.0,0.0,2009,2025,16
mumbai,Mumbai,IN,19.209211349487305,72.82638549804688,0.9739974737167358,6,10,0.16666666666666666,0.1,2009,2025,16
qingdao,Qingdao,CN,36.06488037109375,120.3804168701172,0.9739344120025635,6,20,0.16666666666666666,0.05,2011,2025,14
edmonton,Edmonton,CA,53.55014,-113.46871,0.973487138748169,7,16,0.0,0.0625,2009,2025,16
warsaw,Warsaw,PL,52.22977066040039,21.01177978515625,0.9734676480293274,14,7,0.0,0.0,2009,2025,16
hamburg,Hamburg,DE,53.55073,9.99302,0.9733428955078125,15,11,0.0,0.0,2015,2025,10
madison,Madison,US,43.07305,-89.40123,0.973278820514679,42,5,0.07142857142857142,0.4,2009,2013,4
changchun,Changchun,CN,43.88,125.32278,0.9732707738876343,11,23,0.0,0.0,2014,2025,11
ann arbor,Ann Arbor,US,42.27756,-83.74088,0.9732494950294495,47,19,0.0,0.05263157894736842,2009,2025,16
new delhi,New Delhi,IN,28.62137031555176,77.21479797363281,0.9730680584907532,15,11,0.06666666666666667,0.0,2010,2025,15
ljubljana,Ljubljana,SI,46.05107879638672,14.50512981414795,0.9727831482887268,6,5,0.0,0.2,2009,2016,7
leiden,Leiden,NL,52.158329010009766,4.493060111999512,0.9725589752197266,17,9,0.0,0.0,2016,2025,9
daejeon,Daejeon,KR,36.34912872314453,127.38493347167967,0.9718965291976929,41,3,0.07317073170731707,0.3333333333333333,2010,2012,2
eindhoven,Eindhoven,NL,51.44083,5.47778,0.9718841314315796,20,13,0.0,0.0,2012,2025,13
colorado springs,Colorado Springs,US,38.99831008911133,-104.86132049560548,0.9715871810913086,2,7,0.0,0.0,2018,2024,6
espoo,Espoo,FI,60.2052001953125,24.65220069885254,0.9715808033943176,6,7,0.0,0.14285714285714285,2014,2025,11
pasadena,Pasadena,US,34.14778,-118.14452,0.9715075492858887,52,7,0.0,0.2857142857142857,2010,2024,14
charlottesville,Charlottesville,US,38.02931,-78.47668,0.9712241888046265,5,17,0.0,0.0,2009,2025,16
berlin,Berlin,DE,52.52436828613281,13.410530090332031,0.9712173938751221,36,5,0.027777777777777776,0.2,2014,2021,7
haifa,Haifa,IL,32.81840896606445,34.98849868774414,0.9711388945579529,17,11,0.0,0.0,2012,2025,13
seattle,Seattle,US,47.60621,-122.33207,0.9710818529129028,76,19,0.0,0.05263157894736842,2009,2025,16
newcastle upon tyne,Newcastle upon Tyne,GB,54.97328,-1.61396,0.9707005023956299,37,7,0.0,0.0,2009,2019,10
canberra,Canberra,AU,-35.28346,149.12807,0.9705127477645874,26,3,0.07692307692307693,0.0,2015,2024,9
east lansing,East Lansing,US,42.73698,-84.48387,0.9705002307891846,11,7,0.36363636363636365,0.0,2016,2024,8
madrid,Madrid,ES,40.416500091552734,-3.7025599479675297,0.970238983631134,68,5,0.0,0.2,2018,2024,6
leuven,Leuven,BE,50.87959,4.70093,0.9700673222541809,13,11,0.0,0.0,2009,2025,16
darmstadt,Darmstadt,DE,49.87167,8.65027,0.9699601531028748,5,12,0.0,0.0,2012,2025,13
göttingen,Göttingen,DE,51.53443,9.93228,0.9699327349662781,5,7,0.0,0.2857142857142857,2012,2022,10
fort collins,Fort Collins,US,40.58526,-105.08442,0.969640851020813,18,7,0.0,0.2857142857142857,2012,2019,7
pavia,Pavia,IT,45.19205,9.15917,0.969528317451477,11,3,0.09090909090909091,0.3333333333333333,2009,2011,2
tübingen,Tübingen,DE,48.52265930175781,9.052220344543455,0.9695119857788086,7,12,0.0,0.0,2012,2023,11
lethbridge,Lethbridge,CA,49.699989318847656,-112.8185577392578,0.9694960117340088,4,29,0.5,0.0,2009,2025,16
taipei,Taipei,TW,25.043445587158203,121.61113739013672,0.9694426655769348,19,37,0.05263157894736842,0.02702702702702703,2009,2025,16
stony brook,Stony Brook,US,40.92565155029297,-73.14093780517578,0.9694302082061768,10,14,0.0,0.07142857142857142,2014,2025,11
williamsburg,Williamsburg,US,37.27069854736328,-76.70745849609375,0.9693179130554199,3,12,0.0,0.0,2014,2025,11
state college,State College,US,40.79339,-77.86,0.9693123698234558,25,3,0.0,0.3333333333333333,2012,2023,11
kyoto,Kyoto,JP,35.02107,135.75385,0.9691158533096313,39,19,0.0,0.0,2009,2025,16
santiago,Santiago,CL,-33.45694,-70.64827,0.9689673185348511,12,11,0.08333333333333333,0.2727272727272727,2012,2018,6
ghent,Ghent,BE,51.018741607666016,3.693763017654419,0.9688869118690491,27,4,0.037037037037037035,0.0,2013,2020,7
potsdam,Potsdam,DE,52.41568756103515,12.96891975402832,0.9686756730079651,30,4,0.06666666666666667,0.0,2011,2019,8
lubbock,Lubbock,US,33.57786,-101.85517,0.9685183763504028,3,6,0.3333333333333333,0.0,2012,2021,9
columbus,Columbus,US,39.961181640625,-82.99878692626953,0.9684273600578308,16,7,0.0,0.0,2019,2025,6
exeter,Exeter,GB,50.72359848022461,-3.527509927749634,0.9681271314620972,8,13,0.0,0.0,2012,2024,12
richmond,Richmond,AU,-33.59955978393555,150.7514190673828,0.9676381349563599,16,3,0.0,0.3333333333333333,2009,2019,10
toulouse,Toulouse,FR,43.60426,1.44367,0.9675970077514648,7,11,0.0,0.0,2014,2025,11
pok fu lam,Pok Fu Lam,HK,22.26861,114.12924,0.967229962348938,10,4,0.0,0.0,2013,2019,6
houston,Houston,US,29.76328,-95.36327,0.9672076106071472,73,4,0.0273972602739726,0.0,2016,2019,3
cork,Cork,IE,51.89796829223633,-8.470609664916992,0.9671669602394104,7,5,0.0,0.0,2014,2021,7
bristol,Bristol,GB,51.45523,-2.59665,0.9670308232307434,48,3,0.0,0.0,2009,2017,8
chapel hill,Chapel Hill,US,35.9132,-79.05584,0.9669989347457886,12,8,0.0,0.0,2015,2025,10
trondheim,Trondheim,NO,63.43049,10.39506,0.9669244289398193,7,9,0.0,0.1111111111111111,2011,2021,10
suzhou,Suzhou,CN,31.30408,120.59538,0.9668172001838684,10,10,0.0,0.0,2024,2025,1
blacksburg,Blacksburg,US,37.22957,-80.41394,0.9668047428131104,22,3,0.13636363636363635,0.0,2010,2011,1
beersheba,Beersheba,IL,31.25181,34.7913,0.9667173027992249,7,5,0.0,0.2,2014,2022,8
hanover,Hanover,DE,52.37052,9.73322,0.9663593769073486,16,4,0.0,0.25,2014,2020,6
graz,Graz,AT,47.06733,15.44197,0.966183066368103,15,6,0.0,0.0,2016,2025,9
aachen,Aachen,DE,50.776641845703125,6.0834197998046875,0.9659456014633179,7,12,0.0,0.0,2014,2025,11
mexico city,Mexico City,MX,19.42847,-99.12766,0.9657918214797974,12,16,0.0,0.0625,2009,2025,16
marseille,Marseille,FR,43.29695,5.38107,0.965788722038269,7,11,0.0,0.0,2014,2025,11
nashville,Nashville,US,36.165889739990234,-86.78443908691406,0.965167760848999,11,4,0.09090909090909091,0.0,2014,2016,2
philadelphia,Philadelphia,US,39.95238,-75.16362,0.9647652506828308,51,9,0.0,0.0,2011,2022,11
guelph,Guelph,CA,43.54594039916992,-80.25598907470703,0.9642905592918396,3,8,0.0,0.25,2017,2025,8
turku,Turku,FI,60.45148086547851,22.26869010925293,0.9642221331596375,7,6,0.14285714285714285,0.16666666666666666,2019,2025,6
raleigh,Raleigh,US,35.7721,-78.63861,0.964083194732666,15,4,0.0,0.0,2014,2025,11
princeton,Princeton,US,40.34872,-74.65905,0.9640445709228516,16,3,0.0,0.0,2017,2024,7
canterbury,Canterbury,GB,51.27904,1.07992,0.9639697670936584,4,5,0.0,0.0,2013,2017,4
melbourne,Melbourne,AU,-37.814,144.96332,0.9637923240661621,23,8,0.08695652173913043,0.0,2009,2019,10
shenyang,Shenyang,CN,41.79222106933594,123.43277740478516,0.9635821580886841,4,10,0.0,0.0,2016,2025,9
trento,Trento,IT,46.06787109375,11.12108039855957,0.9634518623352051,7,3,0.0,0.3333333333333333,2012,2015,3
knoxville,Knoxville,US,35.96064,-83.92074,0.9633748531341553,10,5,0.1,0.0,2013,2018,5
st louis,St Louis,US,38.62727,-90.19789,0.9628517627716064,48,5,0.08333333333333333,0.0,2009,2017,8
calgary,Calgary,CA,51.05011,-114.08529,0.9627771377563477,12,21,0.0,0.0,2009,2025,16
istanbul,Istanbul,TR,40.891239166259766,29.392431259155273,0.9625528454780579,6,17,0.0,0.0,2011,2025,14
dalian,Dalian,CN,38.9122200012207,121.60221862792967,0.9622798562049866,6,11,0.16666666666666666,0.09090909090909091,2018,2025,7
bangkok,Bangkok,TH,13.75398,100.50144,0.9604272842407227,8,9,0.0,0.0,2019,2025,6
helsinki,Helsinki,FI,60.16952133178711,24.935449600219727,0.9602659940719604,8,5,0.0,0.0,2016,2023,7
zhengzhou,Zhengzhou,CN,34.75777816772461,113.64861297607422,0.9601083993911743,9,3,0.0,0.0,2021,2025,4
lanzhou,Lanzhou,CN,36.04524993896485,103.89395904541016,0.9600688219070435,4,18,0.0,0.0,2013,2025,12
richardson,Richardson,US,32.94818,-96.72972,0.9600353837013245,6,6,0.0,0.0,2010,2025,15
orsay,Orsay,FR,48.69572,2.18727,0.9596936106681824,10,4,0.0,0.0,2012,2015,3
glasgow,Glasgow,GB,55.86515,-4.25763,0.9594230055809021,12,5,0.0,0.2,2011,2017,6
padua,Padua,IT,45.40797,11.88586,0.9591303467750549,10,3,0.0,0.0,2023,2025,2
kingston,Kingston,US,41.48038,-71.52256,0.9590423703193665,5,16,0.0,0.0,2009,2025,16
nottingham,Nottingham,GB,52.9536,-1.15047,0.9588795900344849,23,4,0.08695652173913043,0.0,2017,2020,3
worcester,Worcester,US,42.26259,-71.80229,0.9588021636009216,8,5,0.0,0.0,2014,2018,4
fuzhou,Fuzhou,CN,26.061389923095703,119.3061065673828,0.9586619138717651,7,11,0.0,0.18181818181818182,2015,2024,9
dublin,Dublin,IE,53.33306121826172,-6.248889923095703,0.9585296511650085,20,2,0.0,0.0,2015,2016,1
amsterdam,Amsterdam,NL,52.37403,4.88969,0.9577694535255432,32,5,0.0,0.2,2011,2020,9
osaka,Osaka,JP,34.69379,135.50107,0.9574164152145386,18,5,0.0,0.0,2009,2013,4
taichung,Taichung,TW,24.146900177001953,120.68389892578124,0.9570906162261963,7,17,0.0,0.0,2017,2025,8
lincoln,Lincoln,US,40.8,-96.66696,0.9569227695465088,11,4,0.18181818181818182,0.0,2016,2019,3
tel aviv,Tel Aviv,IL,32.08088,34.78057,0.9565455913543701,17,2,0.0,0.0,2024,2025,1
new brunswick,New Brunswick,US,40.48622,-74.45182,0.9564107060432434,12,4,0.0,0.25,2011,2014,3
utrecht,Utrecht,NL,52.09083,5.12222,0.9561156630516052,10,3,0.0,0.0,2017,2025,8
new orleans,New Orleans,US,29.95465,-90.07507,0.9552369117736816,6,2,0.16666666666666666,0.0,2017,2021,4
brussels,Brussels,BE,50.85044860839844,4.348780155181885,0.9552273750305176,9,6,0.0,0.0,2009,2022,13
st andrews,St Andrews,GB,56.33871,-2.79902,0.9549622535705566,3,7,0.0,0.0,2010,2021,11
abu dhabi,Abu Dhabi,AE,24.45118,54.39696,0.9548782110214233,3,11,0.0,0.0,2015,2025,10
palo alto,Palo Alto,US,37.44187927246094,-122.1430206298828,0.9548454880714417,3,5,0.0,0.0,2009,2020,11
bologna,Bologna,IT,44.49381,11.33875,0.9546000957489014,9,2,0.0,0.0,2009,2025,16
bhopal,Bhopal,IN,23.20484733581543,77.45232391357422,0.9545562863349915,2,7,0.0,0.0,2019,2023,4
york,York,GB,53.9576301574707,-1.082710027694702,0.9544966220855713,5,4,0.0,0.0,2013,2017,4
budapest,Budapest,HU,47.49835,19.04045,0.9544912576675415,8,2,0.0,0.0,2014,2022,8
buenos aires,Buenos Aires,AR,-34.61315,-58.37723,0.9544510245323181,13,2,0.07692307692307693,0.0,2012,2013,1
odense,Odense,DK,55.39594,10.38831,0.9540119171142578,2,12,0.0,0.0,2009,2023,14
poznan,Poznan,PL,52.40692138671875,16.929929733276367,0.9536685943603516,4,7,0.0,0.0,2013,2016,3
kolkata,Kolkata,IN,22.56263,88.36304,0.953519344329834,12,5,0.0,0.0,2018,2025,7
medford,Medford,US,42.41843,-71.10616,0.953192949295044,13,6,0.0,0.0,2013,2019,6
cardiff,Cardiff,GB,51.48,-3.18,0.953014612197876,7,3,0.0,0.0,2016,2018,2
tsukuba,Tsukuba,JP,36.03445816040039,140.10060119628906,0.9523152709007263,10,2,0.0,0.0,2023,2025,2
belo horizonte,Belo Horizonte,BR,-19.871904373168945,-43.96624755859375,0.9519697427749634,3,4,0.0,0.0,2013,2022,9
sofia,Sofia,BG,42.6753044128418,23.367185592651367,0.9518585205078125,3,7,0.0,0.0,2016,2023,7
guadalajara,Guadalajara,MX,20.66682,-103.39182,0.9515261650085449,1,10,0.0,0.1,2013,2023,10
oslo,Oslo,NO,59.94860076904297,10.715299606323242,0.9509687423706055,6,12,0.0,0.0,2014,2025,11
bogotá,Bogotá,CO,4.609710216522217,-74.08174896240234,0.9508573412895203,7,2,0.0,0.0,2012,2014,2
thiruvananthapuram,Thiruvananthapuram,IN,8.4855,76.94924,0.9507447481155396,5,3,0.2,0.0,2022,2024,2
sapporo,Sapporo,JP,43.07817840576172,141.3399658203125,0.950536847114563,6,8,0.0,0.0,2010,2017,7
taoyuan city,Taoyuan City,TW,24.968280792236328,121.19288635253906,0.9502038955688477,5,3,0.0,0.0,2015,2017,2
auckland,Auckland,NZ,-36.84853,174.76349,0.9498673677444458,3,4,0.3333333333333333,0.0,2014,2018,4
saint joseph,Saint Joseph,US,39.75993347167969,-94.79000091552734,0.9498094320297241,2,1,0.0,0.0,2009,2009,0
montpellier,Montpellier,FR,43.61093,3.87635,0.9497807025909424,5,5,0.0,0.0,2018,2023,5
sherbrooke,Sherbrooke,CA,45.40008,-71.89908,0.9490291476249695,6,2,0.0,0.0,2015,2025,10
brisbane,Brisbane,AU,-27.46794,153.02809,0.9488754272460938,30,2,0.03333333333333333,0.0,2009,2011,2
aberdeen,Aberdeen,GB,57.1436882019043,-2.098140001296997,0.9480768442153931,3,2,0.0,0.0,2009,2010,1
mohali,Mohali,IN,30.679950714111328,76.72210693359375,0.947580099105835,4,2,0.25,0.5,2023,2023,0
dundee,Dundee,GB,56.46913146972656,-2.9748899936676025,0.947567343711853,4,6,0.0,0.0,2011,2016,5
stuttgart,Stuttgart,DE,48.782318115234375,9.177020072937012,0.947180986404419,9,7,0.0,0.0,2017,2025,8
bordeaux,Bordeaux,FR,44.84124,-0.58046,0.9468896985054016,4,7,0.0,0.0,2012,2018,6
fukuoka,Fukuoka,JP,33.6,130.41667,0.9467481970787048,10,3,0.0,0.0,2020,2022,2
bonn,Bonn,DE,50.70169448852539,7.1031107902526855,0.9465317726135254,6,7,0.0,0.14285714285714285,2012,2022,10
waterloo,Waterloo,CA,43.4668,-80.51639,0.9465268850326538,2,17,0.0,0.058823529411764705,2009,2025,16
manipal,Manipal,IN,13.35,74.78333,0.946199893951416,2,6,0.0,0.0,2020,2025,5
kansas city,Kansas City,US,39.033546447753906,-94.57557678222656,0.9461049437522888,6,3,0.16666666666666666,0.3333333333333333,2014,2017,3
lisbon,Lisbon,PT,38.72509,-9.1498,0.9459856152534485,11,2,0.0,0.0,2020,2021,1
davidson,Davidson,US,35.5023307800293,-80.83911895751953,0.945292592048645,7,1,0.0,0.0,2010,2010,0
seville,Seville,ES,37.38283,-5.97317,0.9452539086341858,3,4,0.0,0.0,2010,2016,6
rio de janeiro,Rio de Janeiro,BR,-22.90641975402832,-43.18223190307617,0.9447738528251648,9,3,0.0,0.0,2021,2025,4
villejuif,Villejuif,FR,48.79389953613281,2.359920024871826,0.944430410861969,3,8,0.0,0.0,2009,2024,15
pretoria,Pretoria,ZA,-25.74485969543457,28.187829971313477,0.9439637660980225,3,2,0.0,0.0,2015,2016,1
rockville,Rockville,US,39.08399963378906,-77.15276336669922,0.9437588453292847,5,1,0.0,0.0,2018,2018,0
providence,Providence,US,41.82399,-71.41283,0.9436342120170593,4,4,0.0,0.0,2009,2019,10
québec,Québec,CA,46.81228,-71.21454,0.9435093402862549,3,2,0.0,0.0,2024,2025,1
cairo,Cairo,EG,30.06263,31.24967,0.9434271454811096,2,14,0.0,0.0,2015,2025,10
villeurbanne,Villeurbanne,FR,45.76601,4.8795,0.9429421424865723,7,2,0.0,0.0,2024,2025,1
wilmington,Wilmington,US,34.24627685546875,-77.9498519897461,0.942863941192627,4,2,0.0,0.5,2024,2025,1
bandung,Bandung,ID,-6.922220230102539,107.60694122314452,0.9427034854888916,2,3,0.0,0.0,2014,2019,5
strasbourg,Strasbourg,FR,48.58392,7.74553,0.9422073364257812,11,3,0.0,0.0,2010,2019,9
lyon,Lyon,FR,45.74846,4.84671,0.942023515701294,3,8,0.0,0.0,2010,2023,13
trieste,Trieste,IT,45.64952850341797,13.776780128479004,0.9419468641281128,3,2,0.0,0.0,2011,2012,1
ioannina,Ioannina,GR,39.66485977172851,20.851890563964844,0.9414000511169434,2,4,0.0,0.0,2021,2025,4
campinas,Campinas,BR,-22.90556,-47.06083,0.9409402012825012,3,5,0.0,0.2,2009,2025,16
lund,Lund,SE,55.705841064453125,13.193209648132324,0.9407145977020264,6,9,0.0,0.0,2017,2025,8
nanning,Nanning,CN,22.816669464111328,108.3166732788086,0.9397588968276978,2,7,0.0,0.0,2021,2024,3
arlington,Arlington,US,42.41277694702149,-71.17412567138672,0.9396511912345886,16,2,0.0,0.5,2019,2025,6
tallahassee,Tallahassee,US,30.43825912475586,-84.28073120117188,0.9385209679603577,5,8,0.0,0.0,2017,2025,8
irvine,Irvine,US,33.66946,-117.82311,0.938286304473877,18,1,0.0,0.0,2025,2025,0
malang,Malang,ID,-7.979700088500977,112.63040161132812,0.938020646572113,2,3,0.5,0.0,2014,2021,7
braunschweig,Braunschweig,DE,52.26594,10.52673,0.937707245349884,5,2,0.0,0.0,2013,2014,1
macao,Macao,MO,22.20056,113.54611,0.9372161626815796,5,4,0.0,0.0,2023,2025,2
gifu city,Gifu City,JP,35.422908782958984,136.76039123535156,0.937179446220398,6,3,0.0,0.0,2014,2023,9
shiyan,Shiyan,CN,32.647499084472656,110.77806091308594,0.9369232654571533,4,3,0.0,0.0,2015,2024,9
wellington,Wellington,NZ,-41.28664,174.77557,0.9365631341934204,3,2,0.3333333333333333,0.0,2019,2021,2
kaiserslautern,Kaiserslautern,DE,49.44300079345703,7.771609783172607,0.9364879131317139,2,3,0.0,0.0,2019,2025,6
mountain view,Mountain View,US,37.38605,-122.08385,0.9363754987716675,9,2,0.0,0.0,2024,2025,1
saarbrücken,Saarbrücken,DE,49.25752639770508,7.041704177856445,0.9358906149864197,11,1,0.0,0.0,2014,2014,0
portland,Portland,US,45.58378601074219,-122.58010864257812,0.9353134632110596,8,1,0.0,0.0,2022,2022,0
claremont,Claremont,US,34.0966796875,-117.71977996826172,0.9344611763954163,2,2,0.0,0.0,2012,2021,9
rethymno,Rethymno,GR,35.36555,24.48232,0.9340807795524597,4,3,0.0,0.0,2021,2023,2
winnipeg,Winnipeg,CA,49.8844,-97.14704,0.9329942464828491,6,4,0.0,0.0,2022,2025,3
frankfurt am main,Frankfurt am Main,DE,50.11552,8.68417,0.9325876832008362,17,4,0.058823529411764705,0.0,2012,2025,13
szeged,Szeged,HU,46.25299835205078,20.148239135742188,0.9322456121444702,3,4,0.0,0.0,2017,2024,7
incheon,Incheon,KR,37.37529373168945,126.6330108642578,0.9320070743560791,5,3,0.0,0.0,2021,2023,2
cartago,Cartago,CR,9.864439964294434,-83.91944122314453,0.9310750365257263,2,6,0.5,0.0,2012,2022,10
são carlos,São Carlos,BR,-22.017499923706055,-47.890830993652344,0.930715024471283,2,3,0.0,0.0,2015,2019,4
clemson,Clemson,US,34.683441162109375,-82.83737182617188,0.9304490089416504,4,2,0.0,0.0,2012,2013,1
münster,Münster,DE,51.96236,7.62571,0.9295177459716797,5,4,0.0,0.0,2022,2025,3
victoria,Victoria,CA,48.4359,-123.35155,0.9294915795326233,2,3,0.0,0.0,2009,2014,5
washington,Washington,US,38.895111083984375,-77.03636932373047,0.9293951988220215,30,1,0.16666666666666666,0.0,2020,2020,0
indianapolis,Indianapolis,US,39.76838,-86.15804,0.9291352033615112,7,2,0.0,0.0,2013,2014,1
nantes,Nantes,FR,47.21725082397461,-1.5533599853515625,0.9288966655731201,2,4,0.0,0.0,2019,2023,4
logan,Logan,US,41.73548889160156,-111.83438873291016,0.9284969568252563,2,6,0.0,0.0,2009,2014,5
jerusalem,Jerusalem,IL,31.76904,35.21633,0.9281806945800781,13,1,0.0,0.0,2018,2018,0
málaga,Málaga,ES,36.72016,-4.42034,0.9281792044639587,4,2,0.0,0.0,2021,2022,1
storrs,Storrs,US,41.80842971801758,-72.24951934814453,0.9271917343139648,5,3,0.0,0.6666666666666666,2012,2018,6
ulsan,Ulsan,KR,35.53722,129.31667,0.9267917275428772,15,1,0.06666666666666667,0.0,2011,2011,0
nijmegen,Nijmegen,NL,51.8425,5.85278,0.9267252683639526,27,1,0.0,0.0,2024,2024,0
maebashi,Maebashi,JP,36.43027877807617,139.0449981689453,0.9254863858222961,3,2,0.0,0.0,2019,2021,2
freiburg,Freiburg,DE,48.025001525878906,7.8516669273376465,0.9251315593719482,2,2,0.0,0.0,2024,2025,1
bath,Bath,GB,51.3751,-2.36172,0.9239720106124878,7,1,0.0,0.0,2022,2022,0
louvain-la-neuve,Louvain-la-Neuve,BE,50.66828918457031,4.614429950714111,0.9236047267913818,3,1,0.0,0.0,2025,2025,0
notre dame,Notre Dame,US,41.70019,-86.23793,0.9223155975341797,10,1,0.0,0.0,2025,2025,0
louisville,Louisville,US,38.25423812866211,-85.75940704345703,0.9222848415374756,3,3,0.0,0.0,2023,2025,2
kharagpur,Kharagpur,IN,22.339710235595703,87.32501220703125,0.9219112396240234,2,3,0.5,0.0,2015,2025,10
reno,Reno,US,39.52963,-119.8138,0.9211798906326294,3,6,0.0,0.16666666666666666,2009,2014,5
johannesburg,Johannesburg,ZA,-26.20227,28.04363,0.9211504459381104,3,2,0.0,0.0,2010,2011,1
kunming,Kunming,CN,25.038890838623047,102.71833038330078,0.9209036827087402,4,1,0.0,0.0,2025,2025,0
bochum,Bochum,DE,51.48165,7.21648,0.919426679611206,2,4,0.0,0.0,2021,2025,4
mayagüez,Mayagüez,PR,18.20107078552246,-67.13961791992188,0.9192324876785278,2,5,0.0,0.0,2019,2025,6
leicester,Leicester,GB,52.63859939575195,-1.1316900253295898,0.9190484881401062,3,4,0.0,0.0,2012,2016,4
quito,Quito,EC,-0.22985,-78.52495,0.9187666177749634,1,1,0.0,0.0,2021,2021,0
santa barbara,Santa Barbara,US,34.42083,-119.69819,0.9181082248687744,12,1,0.0,0.0,2014,2014,0
halifax,Halifax,CA,44.64269,-63.57688,0.9176637530326843,2,4,0.0,0.5,2015,2018,3
prague,Prague,CZ,50.08804,14.42076,0.9168401956558228,29,1,0.0,0.0,2025,2025,0
denver,Denver,US,39.73915100097656,-104.98470306396484,0.9165694713592529,4,1,0.0,0.0,2016,2016,0
düsseldorf,Düsseldorf,DE,51.22172164916992,6.776159763336182,0.9164872169494629,9,1,0.1111111111111111,0.0,2016,2016,0
linköping,Linköping,SE,58.41086,15.62157,0.915622353553772,2,11,0.0,0.18181818181818182,2013,2024,11
grenoble,Grenoble,FR,45.17869,5.71479,0.9152721762657166,2,8,0.0,0.0,2011,2025,14
rochester,Rochester,US,44.021629333496094,-92.46990203857422,0.9144423007965088,9,2,0.0,0.5,2024,2025,1
brno,Brno,CZ,49.19522,16.60796,0.9135234355926514,7,3,0.0,0.0,2020,2025,5
ulm,Ulm,DE,48.39841,9.99155,0.911978006362915,5,1,0.4,0.0,2020,2020,0
greensboro,Greensboro,US,36.07263946533203,-79.79197692871094,0.9117401838302612,3,2,0.0,0.0,2013,2014,1
yogyakarta,Yogyakarta,ID,-7.801390171051025,110.3647232055664,0.910707950592041,7,2,0.0,0.0,2021,2023,2
cheongju-si,Cheongju-si,KR,36.63722,127.48972,0.9104861617088318,3,3,0.0,0.0,2009,2013,4
zhenjiang,Zhenjiang,CN,32.21086120605469,119.455078125,0.9102843999862671,2,1,0.5,0.0,2019,2019,0
kampala,Kampala,UG,0.3162800073623657,32.582191467285156,0.9102380275726318,1,3,0.0,0.0,2018,2023,5
alexandria,Alexandria,US,38.79108810424805,-77.06861877441406,0.909967303276062,2,2,0.0,0.0,2013,2014,1
bloomington,Bloomington,US,39.16533,-86.52639,0.9098846316337585,13,1,0.0,0.0,2009,2009,0
dallas,Dallas,US,32.78306,-96.80667,0.9098796248435974,9,1,0.0,0.0,2014,2014,0
college station,College Station,US,30.62798,-96.33441,0.9097907543182373,7,1,0.14285714285714285,0.0,2022,2022,0
porto alegre,Porto Alegre,BR,-30.03283,-51.23019,0.9096629619598389,5,1,0.4,0.0,2019,2019,0
lecce,Lecce,IT,40.35481,18.17244,0.9090481996536255,10,1,0.1,0.0,2013,2013,0
chiba,Chiba,JP,35.599998474121094,140.11666870117188,0.9077969789505005,3,3,0.0,0.0,2009,2013,4
tartu,Tartu,EE,58.380619049072266,26.72509002685547,0.9070303440093994,1,8,0.0,0.0,2017,2025,8
geneva,Geneva,CH,46.20222,6.14569,0.9069729447364807,4,1,0.0,0.0,2019,2019,0
warangal,Warangal,IN,18.0,79.58332824707031,0.9066363573074341,1,1,1.0,0.0,2021,2021,0
wroclaw,Wroclaw,PL,51.099998474121094,17.0333309173584,0.9064127206802368,3,1,0.3333333333333333,0.0,2019,2019,0
provo,Provo,US,40.23384094238281,-111.65853118896484,0.9059894680976868,1,6,0.0,0.0,2011,2025,14
rotterdam,Rotterdam,NL,51.943145751953125,4.429708003997803,0.9059507250785828,13,2,0.07692307692307693,0.0,2018,2019,1
newark,Newark,US,39.68372,-75.74966,0.905526340007782,5,1,0.0,0.0,2017,2017,0
mainz,Mainz,DE,49.98419189453125,8.27910041809082,0.9049379229545593,21,1,0.0,0.0,2025,2025,0
würzburg,Würzburg,DE,49.79391,9.95121,0.9045289754867554,5,1,0.0,0.0,2018,2018,0
pisa,Pisa,IT,43.70853,10.4036,0.9045186042785645,4,1,0.0,0.0,2024,2024,0
santa cruz,Santa Cruz,US,36.97412109375,-122.03079986572266,0.9043091535568237,1,10,0.0,0.0,2013,2025,12
guanajuato city,Guanajuato City,MX,21.01858,-101.2591,0.9036335945129395,1,1,0.0,0.0,2016,2016,0
thessaloniki,Thessaloniki,GR,40.64360809326172,22.93086051940918,0.9022618532180786,2,14,0.0,0.0,2013,2025,12
kobe,Kobe,JP,34.6913,135.183,0.902148425579071,18,1,0.0,0.0,2017,2017,0
depok,Depok,ID,-6.400000095367432,106.81861114501952,0.9015909433364868,2,6,0.0,0.0,2014,2023,9
basel,Basel,CH,47.56859588623047,7.586977958679199,0.9015156030654907,16,1,0.0,0.0,2010,2010,0
coimbatore,Coimbatore,IN,11.00555,76.96612,0.8999738693237305,2,1,0.0,0.0,2020,2020,0
salt lake city,Salt Lake City,US,40.76078,-111.89105,0.8999701142311096,29,1,0.034482758620689655,0.0,2025,2025,0
honolulu,Honolulu,US,21.30694007873535,-157.85833740234375,0.8994048833847046,5,1,0.0,0.0,2018,2018,0
cincinnati,Cincinnati,US,39.12711,-84.51439,0.8993057608604431,11,2,0.09090909090909091,0.0,2013,2014,1
christchurch,Christchurch,NZ,-43.53333,172.63333,0.897060751914978,1,2,0.0,0.0,2019,2024,5
waltham,Waltham,US,42.37649154663086,-71.23561096191406,0.8968881368637085,4,1,0.0,0.0,2014,2014,0
mansfield,Mansfield,US,41.80680084228515,-77.07080078125,0.8962559700012207,2,2,0.0,0.0,2016,2023,7
vilnius,Vilnius,LT,54.68915939331055,25.279800415039062,0.8958539366722107,1,12,0.0,0.0,2015,2025,10
leeds,Leeds,GB,53.79648,-1.54785,0.8955597281455994,10,1,0.0,0.0,2013,2013,0
haikou,Haikou,CN,20.034210205078125,110.34651184082033,0.8944684267044067,1,3,0.0,0.0,2023,2025,2
golden,Golden,US,39.75554,-105.2211,0.8941165208816528,3,2,0.0,0.0,2018,2019,1
florence,Florence,IT,43.77925,11.24626,0.893903911113739,6,1,0.0,0.0,2017,2017,0
auburn,Auburn,US,32.60986,-85.48078,0.8938480615615845,3,1,0.0,0.0,2019,2019,0
milwaukee,Milwaukee,US,43.03889846801758,-87.9064712524414,0.8929144740104675,2,12,0.0,0.0,2012,2023,11
johnson city,Johnson City,US,36.31344,-82.35347,0.8904494047164917,3,1,0.0,0.0,2025,2025,0
iowa city,Iowa City,US,41.65729141235352,-91.5359344482422,0.8894875049591064,4,2,0.0,1.0,2017,2018,1
foshan,Foshan,CN,23.026769638061523,113.13147735595705,0.8883519172668457,1,3,0.0,0.0,2021,2025,4
tuscaloosa,Tuscaloosa,US,33.20984,-87.56917,0.8875054717063904,4,1,0.0,0.0,2019,2019,0
southampton,Southampton,GB,50.90395,-1.40428,0.8866920471191406,3,1,0.0,0.0,2009,2009,0
obninsk,Obninsk,RU,55.109954833984375,36.61601257324219,0.885956883430481,2,1,0.0,0.0,2021,2021,0
novosibirsk,Novosibirsk,RU,54.84768295288086,83.10700225830078,0.8841041326522827,4,1,0.0,0.0,2021,2021,0
newcastle,Newcastle,AU,-32.92953,151.7801,0.8823822140693665,1,2,0.0,0.0,2020,2022,2
irapuato,Irapuato,MX,20.67675018310547,-101.35627746582033,0.8813819885253906,1,1,0.0,0.0,2012,2012,0
stillwater,Stillwater,US,36.11560821533203,-97.0583724975586,0.8810895681381226,1,2,0.0,0.0,2023,2024,1
debrecen,Debrecen,HU,47.53166961669922,21.624439239501953,0.8801316618919373,2,2,0.0,0.0,2010,2011,1
panama city,Panama City,PA,8.988492965698242,-79.51093292236328,0.8789345622062683,2,7,0.0,0.14285714285714285,2010,2024,14
krakow,Krakow,PL,50.061431884765625,19.936580657958984,0.8770428895950317,2,1,0.0,0.0,2024,2024,0
oakland,Oakland,US,37.80437,-122.2708,0.8752247095108032,4,1,0.0,0.0,2014,2014,0
reading,Reading,GB,51.45624923706055,-0.9711300134658812,0.8735805749893188,2,2,0.0,0.0,2014,2015,1
vellore,Vellore,IN,12.9184,79.13255,0.8734982013702393,1,8,0.0,0.0,2011,2025,14
lima,Lima,PE,-12.043180465698242,-77.02823638916016,0.8714487552642822,1,9,0.0,0.1111111111111111,2016,2023,7
busan,Busan,US,35.101680755615234,129.03004455566406,0.8665449023246765,13,1,0.0,0.0,2020,2020,0
huntsville,Huntsville,US,34.712501525878906,-86.67949676513672,0.8657921552658081,1,1,0.0,0.0,2019,2019,0
seongnam-si,Seongnam-si,KR,37.43861,127.13778,0.863906979560852,1,1,0.0,0.0,2020,2020,0
xuzhou,Xuzhou,CN,34.19940185546875,117.1841812133789,0.8626954555511475,4,1,0.0,0.0,2016,2016,0
pamplona,Pamplona,ES,42.816871643066406,-1.6432299613952637,0.8623997569084167,2,7,0.0,0.0,2019,2023,4
faridabad,Faridabad,IN,28.428970336914062,77.31842041015625,0.8600912690162659,1,1,1.0,0.0,2020,2020,0
matsuyama,Matsuyama,JP,33.849998474121094,132.7711181640625,0.8584529161453247,1,1,0.0,0.0,2012,2012,0
wellesley,Wellesley,US,42.29649,-71.29256,0.8546380400657654,1,3,0.0,0.0,2012,2015,3
dhahran,Dhahran,SA,26.288639068603516,50.11396026611328,0.8522981405258179,1,1,0.0,0.0,2024,2024,0
guwahati,Guwahati,IN,26.18440055847168,91.74579620361328,0.8510785102844238,3,1,0.0,0.0,2017,2017,0
santa clara,Santa Clara,US,37.328182220458984,-121.99708557128906,0.8497134447097778,1,1,0.0,0.0,2015,2015,0
ya'an,Ya'an,CN,29.985210418701172,102.9990005493164,0.8472514152526855,2,1,0.0,0.0,2017,2017,0
roorkee,Roorkee,IN,29.86214256286621,77.89672088623047,0.8432053923606873,1,4,0.0,0.0,2020,2024,4
phoenix,Phoenix,US,33.44837951660156,-112.07404327392578,0.838083028793335,1,1,0.0,0.0,2013,2013,0
bogor,Bogor,ID,-6.59443998336792,106.78916931152344,0.8359609842300415,1,1,0.0,0.0,2012,2012,0
merced,Merced,US,37.30215835571289,-120.48297119140624,0.8283678293228149,1,1,0.0,1.0,2012,2012,0
león,León,ES,42.60002899169922,-5.570320129394531,0.8279829025268555,1,1,0.0,0.0,2024,2024,0
tampa,Tampa,US,27.94752,-82.45843,0.8156236410140991,2,1,0.0,1.0,2019,2019,0
west point,West Point,US,41.39148,-73.95597,0.8142953515052795,1,1,0.0,0.0,2011,2011,0
orléans,Orléans,FR,47.90248,1.90407,0.8137590885162354,1,1,0.0,0.0,2019,2019,0
kfar saba,Kfar Saba,IL,32.1818962097168,34.89561080932617,0.8074597120285034,1,2,0.0,0.0,2015,2016,1
charleston,Charleston,US,32.77632,-79.93275,0.8052262663841248,1,1,0.0,0.0,2010,2010,0
boca raton,Boca Raton,US,26.35869026184082,-80.08309936523438,0.8043339252471924,1,1,0.0,0.0,2017,2017,0
