city_key,city,country,lat,lon,semantic_overlap,n_papers,n_projects,cs_paper_share,cs_project_share,first_proj_year,last_proj_year,proj_year_span
cambridge,Cambridge,US,42.362300872802734,-71.09395599365234,0.9937596321105957,361,40,0.01662049861495845,0.025,2009,2025,16
shanghai,Shanghai,CN,31.22221946716309,121.45806121826172,0.9925571084022522,126,216,0.015873015873015872,0.027777777777777776,2009,2025,16
tianjin,Tianjin,CN,39.14221954345703,117.17666625976562,0.9914629459381104,112,35,0.0625,0.0,2009,2025,16
berkeley,Berkeley,US,37.87159,-122.27275,0.9912602305412292,95,13,0.12631578947368421,0.07692307692307693,2009,2023,14
beijing,Beijing,CN,39.9075,116.39723,0.9910683631896973,355,258,0.03380281690140845,0.007751937984496124,2009,2025,16
hangzhou,Hangzhou,CN,30.29365,120.16142,0.9902204871177673,60,45,0.03333333333333333,0.0,2011,2025,14
boston,Boston,US,42.358428955078125,-71.05976867675781,0.9898473024368286,95,21,0.021052631578947368,0.0,2011,2025,14
wuhan,Wuhan,CN,30.583330154418945,114.26667022705078,0.989274263381958,64,102,0.046875,0.049019607843137254,2011,2025,14
changsha,Changsha,CN,28.19874,112.97087,0.9891282320022583,22,26,0.0,0.0,2014,2025,11
urbana,Urbana,US,40.11059,-88.20727,0.9888867139816284,60,16,0.1,0.0625,2009,2022,13
marburg,Marburg,DE,50.80904006958008,8.770689964294434,0.9885082244873047,32,11,0.09375,0.0,2012,2025,13
munich,Munich,DE,48.13743,11.57549,0.9883310794830322,58,18,0.017241379310344827,0.05555555555555555,2010,2025,15
guangzhou,Guangzhou,CN,23.11667,113.25,0.9882197976112366,63,52,0.031746031746031744,0.038461538461538464,2012,2025,13
xiamen,Xiamen,CN,24.47978973388672,118.08187103271484,0.9876457452774048,11,21,0.0,0.0,2011,2025,14
singapore,Singapore,SG,1.28967,103.85007,0.987615704536438,67,20,0.04477611940298507,0.0,2009,2025,16
shenzhen,Shenzhen,CN,22.533105850219727,113.9328155517578,0.9875848889350891,32,125,0.0625,0.008,2012,2025,13
stanford,Stanford,US,37.42411,-122.16608,0.987393856048584,79,13,0.0,0.0,2010,2025,15
san diego,San Diego,US,32.71571,-117.16472,0.9873108863830566,90,43,0.03333333333333333,0.06976744186046512,2013,2025,12
copenhagen,Copenhagen,DK,55.67594,12.56553,0.9872874021530151,65,13,0.015384615384615385,0.0,2011,2024,13
paris,Paris,FR,48.85341,2.3488,0.9872254133224487,141,34,0.03546099290780142,0.029411764705882353,2009,2025,16
montreal,Montreal,CA,45.50884,-73.58781,0.986918568611145,32,18,0.03125,0.0,2009,2025,16
davis,Davis,US,38.54491,-121.74052,0.9868941307067871,34,10,0.11764705882352941,0.0,2009,2021,12
durham,Durham,US,35.99403,-78.89862,0.9868496656417847,39,17,0.07692307692307693,0.0,2009,2025,16
kongens lyngby,Kongens Lyngby,DK,55.77043914794922,12.503780364990234,0.9866936206817627,20,14,0.05,0.0,2009,2023,14
london,London,GB,51.50853,-0.12574,0.9866696000099182,271,29,0.02214022140221402,0.0,2009,2025,16
hefei,Hefei,CN,31.863889694213867,117.28083038330078,0.9865760803222656,28,35,0.0,0.0,2009,2024,15
vienna,Vienna,AT,48.20848846435547,16.372079849243164,0.9863213896751404,67,8,0.014925373134328358,0.0,2017,2024,7
nanjing,Nanjing,CN,32.061668395996094,118.77777862548828,0.9862933158874512,40,45,0.025,0.044444444444444446,2012,2025,13
freiburg im breisgau,Freiburg im Breisgau,DE,47.99589920043945,7.852220058441162,0.9861845374107361,35,14,0.02857142857142857,0.07142857142857142,2009,2023,14
minneapolis,Minneapolis,US,44.97997,-93.26384,0.9856275320053101,56,10,0.017857142857142856,0.0,2009,2018,9
san francisco,San Francisco,US,37.77493,-122.41942,0.9855488538742065,80,12,0.0125,0.0,2009,2025,16
são paulo,São Paulo,BR,-23.5475,-46.63611,0.9854351878166199,35,14,0.0,0.0,2012,2023,11
hong kong,Hong Kong,HK,22.27832,114.17469,0.9853662252426147,27,95,0.0,0.031578947368421054,2009,2025,16
seoul,Seoul,KR,37.566,126.9784,0.9849058389663696,101,36,0.009900990099009901,0.05555555555555555,2009,2025,16
austin,Austin,US,30.26715,-97.74306,0.9845914840698242,42,16,0.047619047619047616,0.125,2012,2025,13
chicago,Chicago,US,41.85003,-87.65005,0.984456479549408,18,16,0.0,0.0,2009,2025,16
sydney,Sydney,AU,-33.77382278442383,151.11265563964844,0.9844304323196411,50,29,0.0,0.034482758620689655,2010,2025,15
ithaca,Ithaca,US,42.44063,-76.49661,0.9841852188110352,35,16,0.02857142857142857,0.0,2009,2025,16
harbin,Harbin,CN,45.75,126.6500015258789,0.9841609597206116,27,19,0.037037037037037035,0.0,2011,2025,14
athens,Athens,GR,37.983760833740234,23.727840423583984,0.9840240478515625,19,16,0.0,0.125,2012,2025,13
evanston,Evanston,US,42.04114,-87.69006,0.9840046763420105,39,9,0.0,0.0,2010,2019,9
new york,New York,US,40.71427154541016,-74.00596618652344,0.9837973713874817,109,35,0.0,0.02857142857142857,2009,2025,16
jinan,Jinan,CN,36.66833,116.99722,0.9837671518325806,27,15,0.0,0.06666666666666667,2016,2024,8
tokyo,Tokyo,JP,35.68949890136719,139.69171142578125,0.9832978844642639,125,56,0.024,0.0,2009,2025,16
heidelberg,Heidelberg,DE,49.40768,8.69079,0.98312908411026,51,13,0.0,0.0,2009,2025,16
baltimore,Baltimore,US,39.29038,-76.61219,0.9829143285751343,49,23,0.0,0.0,2009,2025,16
chengdu,Chengdu,CN,30.66667,104.06667,0.9827901124954224,31,38,0.0,0.02631578947368421,2012,2025,13
hsinchu,Hsinchu,TW,24.793611526489254,120.9927749633789,0.9826570153236389,29,32,0.10344827586206896,0.03125,2009,2025,16
atlanta,Atlanta,US,33.749,-84.38798,0.9825334548950195,46,24,0.0,0.041666666666666664,2010,2024,14
pittsburgh,Pittsburgh,US,40.44062,-79.99589,0.9824368953704834,27,14,0.037037037037037035,0.0,2012,2021,9
bielefeld,Bielefeld,DE,52.03333,8.53333,0.9823635220527649,9,16,0.0,0.0625,2010,2025,15
zurich,Zurich,CH,47.36667,8.55,0.9823490381240845,120,16,0.025,0.0,2011,2025,14
ottawa,Ottawa,CA,45.411170959472656,-75.6981201171875,0.9821281433105469,14,11,0.0,0.0,2009,2025,16
norwich,Norwich,GB,52.62240982055664,1.2213269472122192,0.9814860820770264,26,6,0.0,0.16666666666666666,2011,2016,5
boulder,Boulder,US,40.014991760253906,-105.2705535888672,0.9813772439956665,21,11,0.14285714285714285,0.0,2012,2023,11
gainesville,Gainesville,US,29.65163,-82.32483,0.9813333749771118,56,9,0.017857142857142856,0.1111111111111111,2017,2025,8
dresden,Dresden,DE,51.05089,13.73832,0.9809948205947876,22,9,0.0,0.0,2009,2025,16
wageningen,Wageningen,NL,51.97,5.66667,0.9809831976890564,27,12,0.037037037037037035,0.0,2011,2025,14
west lafayette,West Lafayette,US,40.42587,-86.90807,0.9807080626487732,14,12,0.07142857142857142,0.08333333333333333,2009,2021,12
colorado springs,Colorado Springs,US,38.99831008911133,-104.86132049560548,0.9806498885154724,3,7,0.0,0.0,2018,2024,6
los angeles,Los Angeles,US,34.05223,-118.24368,0.9805662631988525,51,10,0.0392156862745098,0.0,2011,2023,12
gothenburg,Gothenburg,SE,57.70716,11.96679,0.9804095029830933,18,14,0.1111111111111111,0.0,2009,2025,16
oxford,Oxford,GB,51.75515365600586,-1.2544089555740356,0.9803539514541626,56,11,0.017857142857142856,0.0,2014,2025,11
charlottesville,Charlottesville,US,38.02931,-78.47668,0.9803438782691956,11,17,0.0,0.0,2009,2025,16
lausanne,Lausanne,CH,46.516,6.63282,0.9803052544593811,56,23,0.0,0.0,2009,2025,16
bengaluru,Bengaluru,IN,12.97194004058838,77.59368896484375,0.9802775382995605,14,10,0.0,0.0,2016,2025,9
edinburgh,Edinburgh,GB,55.95206,-3.19648,0.9802703857421875,91,10,0.0,0.2,2009,2021,12
leuven,Leuven,BE,50.87959,4.70093,0.9801927804946899,20,11,0.0,0.0,2009,2025,16
qingdao,Qingdao,CN,36.06488037109375,120.3804168701172,0.9801427125930786,8,20,0.125,0.05,2011,2025,14
valencia,Valencia,ES,39.47391128540039,-0.3796600103378296,0.9800165891647339,39,13,0.05128205128205128,0.0,2009,2018,9
hamilton,Hamilton,CA,43.25011,-79.84963,0.9797121286392212,16,14,0.0,0.0,2012,2025,13
groningen,Groningen,NL,53.21917,6.56667,0.979640007019043,35,16,0.0,0.0,2009,2025,16
moscow,Moscow,RU,55.700340270996094,37.58199691772461,0.9794066548347473,51,8,0.0,0.0,2017,2021,4
vancouver,Vancouver,CA,49.24966,-123.11934,0.9793857336044312,26,16,0.07692307692307693,0.0,2009,2025,16
pune,Pune,IN,18.519569396972656,73.8553466796875,0.979289174079895,10,10,0.0,0.1,2009,2025,16
college park,College Park,US,38.98067,-76.93692,0.979119598865509,18,11,0.0,0.0,2014,2025,11
barcelona,Barcelona,ES,41.38879,2.15899,0.9790232181549072,56,11,0.0,0.0,2009,2025,16
edmonton,Edmonton,CA,53.55014,-113.46871,0.9787552356719971,9,16,0.0,0.0625,2009,2025,16
xi'an,Xi'an,CN,34.258331298828125,108.9286117553711,0.9787306785583496,37,27,0.0,0.037037037037037035,2016,2025,9
sheffield,Sheffield,GB,53.38297,-1.4659,0.978378415107727,20,9,0.0,0.0,2009,2024,15
göttingen,Göttingen,DE,51.53443,9.93228,0.9782339930534363,10,7,0.0,0.2857142857142857,2012,2022,10
chennai,Chennai,IN,13.08784008026123,80.27847290039062,0.9779884815216064,5,22,0.0,0.045454545454545456,2009,2025,16
pavia,Pavia,IT,45.19205,9.15917,0.9777872562408447,19,3,0.10526315789473684,0.3333333333333333,2009,2011,2
stockholm,Stockholm,SE,59.32938,18.06871,0.9773935675621033,25,11,0.04,0.0,2010,2024,14
new haven,New Haven,US,41.30815,-72.92816,0.9773887991905212,30,12,0.0,0.08333333333333333,2010,2025,15
tempe,Tempe,US,33.41477,-111.90931,0.9773882031440735,42,11,0.047619047619047616,0.0,2011,2025,14
chongqing,Chongqing,CN,29.55525779724121,106.55440521240234,0.9772505164146423,18,6,0.0,0.0,2016,2025,9
uppsala,Uppsala,SE,59.85882,17.63889,0.9772289395332336,28,16,0.32142857142857145,0.0625,2009,2025,16
changchun,Changchun,CN,43.88,125.32278,0.9771668910980225,15,23,0.0,0.0,2014,2025,11
erlangen,Erlangen,DE,49.59099,11.00783,0.9768056869506836,16,6,0.0625,0.0,2015,2023,8
manchester,Manchester,GB,53.48095,-2.23743,0.9767965078353882,70,11,0.0,0.09090909090909091,2013,2024,11
kingston,Kingston,US,41.48038,-71.52256,0.9767821431159973,9,16,0.0,0.0,2009,2025,16
trondheim,Trondheim,NO,63.43049,10.39506,0.9767512679100037,12,9,0.0,0.1111111111111111,2011,2021,10
eindhoven,Eindhoven,NL,51.44083,5.47778,0.9762864112854004,23,13,0.0,0.0,2012,2025,13
delft,Delft,NL,52.00667190551758,4.355559825897217,0.9761290550231934,29,16,0.034482758620689655,0.0,2009,2025,16
lethbridge,Lethbridge,CA,49.699989318847656,-112.8185577392578,0.976068377494812,7,29,0.2857142857142857,0.0,2009,2025,16
ljubljana,Ljubljana,SI,46.05107879638672,14.50512981414795,0.9759178161621094,19,5,0.10526315789473684,0.2,2009,2016,7
east lansing,East Lansing,US,42.73698,-84.48387,0.9758955240249634,15,7,0.26666666666666666,0.0,2016,2024,8
toronto,Toronto,CA,43.70643,-79.39864,0.9757558107376099,63,18,0.0,0.05555555555555555,2009,2025,16
ankara,Ankara,TR,39.91986846923828,32.854270935058594,0.975670576095581,12,26,0.0,0.07692307692307693,2009,2023,14
mumbai,Mumbai,IN,19.209211349487305,72.82638549804688,0.9755812883377075,11,10,0.2727272727272727,0.1,2009,2025,16
hamburg,Hamburg,DE,53.55073,9.99302,0.9755043983459473,16,11,0.0625,0.0,2015,2025,10
wuxi,Wuxi,CN,31.568870544433594,120.28856658935548,0.9754621386528015,44,4,0.022727272727272728,0.0,2024,2025,1
coventry,Coventry,GB,52.40656,-1.51217,0.9753680229187012,21,11,0.0,0.0,2014,2024,10
tübingen,Tübingen,DE,48.52265930175781,9.052220344543455,0.9751925468444824,9,12,0.0,0.0,2012,2023,11
madison,Madison,US,43.07305,-89.40123,0.9750792980194092,53,5,0.05660377358490566,0.4,2009,2013,4
seattle,Seattle,US,47.60621,-122.33207,0.9748240113258362,89,19,0.011235955056179775,0.05263157894736842,2009,2025,16
ann arbor,Ann Arbor,US,42.27756,-83.74088,0.9747250080108643,49,19,0.0,0.05263157894736842,2009,2025,16
haifa,Haifa,IL,32.81840896606445,34.98849868774414,0.9747244119644165,19,11,0.0,0.0,2012,2025,13
newcastle upon tyne,Newcastle upon Tyne,GB,54.97328,-1.61396,0.9744893908500671,42,7,0.0,0.0,2009,2019,10
new delhi,New Delhi,IN,28.62137031555176,77.21479797363281,0.9741153717041016,17,11,0.058823529411764705,0.0,2010,2025,15
lubbock,Lubbock,US,33.57786,-101.85517,0.9739395976066589,4,6,0.25,0.0,2012,2021,9
warsaw,Warsaw,PL,52.22977066040039,21.01177978515625,0.9734676480293274,14,7,0.0,0.0,2009,2025,16
toulouse,Toulouse,FR,43.60426,1.44367,0.9732649326324463,10,11,0.0,0.0,2014,2025,11
taichung,Taichung,TW,24.146900177001953,120.68389892578124,0.9730855822563171,11,17,0.0,0.0,2017,2025,8
aachen,Aachen,DE,50.776641845703125,6.0834197998046875,0.9729874134063721,9,12,0.0,0.0,2014,2025,11
state college,State College,US,40.79339,-77.86,0.9729211926460266,30,3,0.0,0.3333333333333333,2012,2023,11
daejeon,Daejeon,KR,36.34912872314453,127.38493347167967,0.9728517532348633,56,3,0.07142857142857142,0.3333333333333333,2010,2012,2
berlin,Berlin,DE,52.52436828613281,13.410530090332031,0.9727434515953064,39,5,0.02564102564102564,0.2,2014,2021,7
leiden,Leiden,NL,52.158329010009766,4.493060111999512,0.9725918173789978,17,9,0.0,0.0,2016,2025,9
darmstadt,Darmstadt,DE,49.87167,8.65027,0.9725886583328247,7,12,0.0,0.0,2012,2025,13
santiago,Santiago,CL,-33.45694,-70.64827,0.9725847244262695,14,11,0.07142857142857142,0.2727272727272727,2012,2018,6
canberra,Canberra,AU,-35.28346,149.12807,0.9725362658500671,32,3,0.0625,0.0,2015,2024,9
pasadena,Pasadena,US,34.14778,-118.14452,0.9725261330604553,55,7,0.0,0.2857142857142857,2010,2024,14
kyoto,Kyoto,JP,35.02107,135.75385,0.9718985557556152,43,19,0.0,0.0,2009,2025,16
fort collins,Fort Collins,US,40.58526,-105.08442,0.9715782403945923,19,7,0.0,0.2857142857142857,2012,2019,7
mexico city,Mexico City,MX,19.42847,-99.12766,0.9715296030044556,16,16,0.0,0.0625,2009,2025,16
espoo,Espoo,FI,60.2052001953125,24.65220069885254,0.9712369441986084,7,7,0.0,0.14285714285714285,2014,2025,11
taipei,Taipei,TW,25.043445587158203,121.61113739013672,0.971172571182251,24,37,0.041666666666666664,0.02702702702702703,2009,2025,16
richmond,Richmond,AU,-33.59955978393555,150.7514190673828,0.9711645841598511,19,3,0.0,0.3333333333333333,2009,2019,10
madrid,Madrid,ES,40.416500091552734,-3.7025599479675297,0.971163272857666,88,5,0.0,0.2,2018,2024,6
ghent,Ghent,BE,51.018741607666016,3.693763017654419,0.9705906510353088,35,4,0.02857142857142857,0.0,2013,2020,7
suzhou,Suzhou,CN,31.30408,120.59538,0.9703388214111328,11,10,0.0,0.0,2024,2025,1
houston,Houston,US,29.76328,-95.36327,0.9702270030975342,86,4,0.023255813953488372,0.0,2016,2019,3
stony brook,Stony Brook,US,40.92565155029297,-73.14093780517578,0.9701586365699768,11,14,0.0,0.07142857142857142,2014,2025,11
potsdam,Potsdam,DE,52.41568756103515,12.96891975402832,0.9700275659561157,33,4,0.06060606060606061,0.0,2011,2019,8
hanover,Hanover,DE,52.37052,9.73322,0.9697034955024719,19,4,0.0,0.25,2014,2020,6
williamsburg,Williamsburg,US,37.27069854736328,-76.70745849609375,0.9693179130554199,3,12,0.0,0.0,2014,2025,11
campinas,Campinas,BR,-22.90556,-47.06083,0.9691429138183594,8,5,0.125,0.2,2009,2025,16
melbourne,Melbourne,AU,-37.814,144.96332,0.9689661860466003,28,8,0.07142857142857142,0.0,2009,2019,10
blacksburg,Blacksburg,US,37.22957,-80.41394,0.9684408903121948,28,3,0.14285714285714285,0.0,2010,2011,1
helsinki,Helsinki,FI,60.16952133178711,24.935449600219727,0.9682589769363403,10,5,0.0,0.0,2016,2023,7
bangkok,Bangkok,TH,13.75398,100.50144,0.9682176113128662,10,9,0.0,0.0,2019,2025,6
exeter,Exeter,GB,50.72359848022461,-3.527509927749634,0.9681271314620972,8,13,0.0,0.0,2012,2024,12
calgary,Calgary,CA,51.05011,-114.08529,0.9681141376495361,13,21,0.0,0.0,2009,2025,16
stuttgart,Stuttgart,DE,48.782318115234375,9.177020072937012,0.9681058526039124,14,7,0.0,0.0,2017,2025,8
glasgow,Glasgow,GB,55.86515,-4.25763,0.9680933952331543,16,5,0.0,0.2,2011,2017,6
turku,Turku,FI,60.45148086547851,22.26869010925293,0.9680889844894409,10,6,0.1,0.16666666666666666,2019,2025,6
raleigh,Raleigh,US,35.7721,-78.63861,0.9677468538284302,22,4,0.0,0.0,2014,2025,11
sofia,Sofia,BG,42.6753044128418,23.367185592651367,0.9675437211990356,5,7,0.0,0.0,2016,2023,7
st louis,St Louis,US,38.62727,-90.19789,0.96746426820755,61,5,0.11475409836065574,0.0,2009,2017,8
philadelphia,Philadelphia,US,39.95238,-75.16362,0.9674009680747986,57,9,0.0,0.0,2011,2022,11
bristol,Bristol,GB,51.45523,-2.59665,0.967269778251648,49,3,0.0,0.0,2009,2017,8
belo horizonte,Belo Horizonte,BR,-19.871904373168945,-43.96624755859375,0.9672665596008301,5,4,0.0,0.0,2013,2022,9
pok fu lam,Pok Fu Lam,HK,22.26861,114.12924,0.967229962348938,10,4,0.0,0.0,2013,2019,6
columbus,Columbus,US,39.961181640625,-82.99878692626953,0.9671811461448669,18,7,0.0,0.0,2019,2025,6
bhopal,Bhopal,IN,23.20484733581543,77.45232391357422,0.9668576121330261,3,7,0.0,0.0,2019,2023,4
beersheba,Beersheba,IL,31.25181,34.7913,0.9667172431945801,7,5,0.0,0.2,2014,2022,8
chapel hill,Chapel Hill,US,35.9132,-79.05584,0.9665440320968628,17,8,0.0,0.0,2015,2025,10
cork,Cork,IE,51.89796829223633,-8.470609664916992,0.9665213823318481,8,5,0.0,0.0,2014,2021,7
canterbury,Canterbury,GB,51.27904,1.07992,0.9664790630340576,5,5,0.0,0.0,2013,2017,4
knoxville,Knoxville,US,35.96064,-83.92074,0.9664708375930786,12,5,0.08333333333333333,0.0,2013,2018,5
princeton,Princeton,US,40.34872,-74.65905,0.9664665460586548,18,3,0.0,0.0,2017,2024,7
logan,Logan,US,41.73548889160156,-111.83438873291016,0.9664109349250793,4,6,0.0,0.0,2009,2014,5
dundee,Dundee,GB,56.46913146972656,-2.9748899936676025,0.9662973880767822,7,6,0.0,0.0,2011,2016,5
guadalajara,Guadalajara,MX,20.66682,-103.39182,0.9661157131195068,2,10,0.0,0.1,2013,2023,10
worcester,Worcester,US,42.26259,-71.80229,0.9660906791687012,11,5,0.0,0.0,2014,2018,4
marseille,Marseille,FR,43.29695,5.38107,0.9657886624336243,7,11,0.0,0.0,2014,2025,11
lanzhou,Lanzhou,CN,36.04524993896485,103.89395904541016,0.9656224846839905,5,18,0.0,0.0,2013,2025,12
padua,Padua,IT,45.40797,11.88586,0.965416669845581,12,3,0.0,0.0,2023,2025,2
graz,Graz,AT,47.06733,15.44197,0.9651607871055603,18,6,0.0,0.0,2016,2025,9
trento,Trento,IT,46.06787109375,11.12108039855957,0.9645705223083496,9,3,0.0,0.3333333333333333,2012,2015,3
guelph,Guelph,CA,43.54594039916992,-80.25598907470703,0.9642905592918396,3,8,0.0,0.25,2017,2025,8
odense,Odense,DK,55.39594,10.38831,0.96416175365448,3,12,0.0,0.0,2009,2023,14
oslo,Oslo,NO,59.94860076904297,10.715299606323242,0.964076042175293,8,12,0.0,0.0,2014,2025,11
cairo,Cairo,EG,30.06263,31.24967,0.9638819694519043,3,14,0.0,0.0,2015,2025,10
zhengzhou,Zhengzhou,CN,34.75777816772461,113.64861297607422,0.9637019038200378,10,3,0.0,0.0,2021,2025,4
amsterdam,Amsterdam,NL,52.37403,4.88969,0.963395893573761,37,5,0.02702702702702703,0.2,2011,2020,9
fuzhou,Fuzhou,CN,26.061389923095703,119.3061065673828,0.9627913236618042,8,11,0.0,0.18181818181818182,2015,2024,9
istanbul,Istanbul,TR,40.891239166259766,29.392431259155273,0.9625528454780579,6,17,0.0,0.0,2011,2025,14
orsay,Orsay,FR,48.69572,2.18727,0.9625060558319092,11,4,0.0,0.0,2012,2015,3
dalian,Dalian,CN,38.9122200012207,121.60221862792967,0.9621822834014893,7,11,0.14285714285714285,0.09090909090909091,2018,2025,7
shenyang,Shenyang,CN,41.79222106933594,123.43277740478516,0.9621676206588745,5,10,0.0,0.0,2016,2025,9
montpellier,Montpellier,FR,43.61093,3.87635,0.9618106484413147,7,5,0.0,0.0,2018,2023,5
utrecht,Utrecht,NL,52.09083,5.12222,0.9613054990768433,15,3,0.0,0.0,2017,2025,8
sapporo,Sapporo,JP,43.07817840576172,141.3399658203125,0.9611607789993286,8,8,0.0,0.0,2010,2017,7
nottingham,Nottingham,GB,52.9536,-1.15047,0.9610024690628052,25,4,0.08,0.0,2017,2020,3
nashville,Nashville,US,36.165889739990234,-86.78443908691406,0.9607491493225098,17,4,0.058823529411764705,0.0,2014,2016,2
lincoln,Lincoln,US,40.8,-96.66696,0.9606190919876099,14,4,0.14285714285714285,0.0,2016,2019,3
tsukuba,Tsukuba,JP,36.03445816040039,140.10060119628906,0.9604889154434204,14,2,0.0,0.0,2023,2025,2
dublin,Dublin,IE,53.33306121826172,-6.248889923095703,0.9601613283157349,21,2,0.0,0.0,2015,2016,1
richardson,Richardson,US,32.94818,-96.72972,0.9600354433059692,6,6,0.0,0.0,2010,2025,15
osaka,Osaka,JP,34.69379,135.50107,0.9596533179283142,20,5,0.0,0.0,2009,2013,4
brussels,Brussels,BE,50.85044860839844,4.348780155181885,0.9595789909362793,13,6,0.0,0.0,2009,2022,13
new brunswick,New Brunswick,US,40.48622,-74.45182,0.9594113826751709,13,4,0.0,0.25,2011,2014,3
tel aviv,Tel Aviv,IL,32.08088,34.78057,0.9593842029571533,22,2,0.0,0.0,2024,2025,1
trieste,Trieste,IT,45.64952850341797,13.776780128479004,0.9586881995201111,6,2,0.0,0.0,2011,2012,1
cardiff,Cardiff,GB,51.48,-3.18,0.9584126472473145,8,3,0.0,0.0,2016,2018,2
bologna,Bologna,IT,44.49381,11.33875,0.9582608938217163,10,2,0.0,0.0,2009,2025,16
kaiserslautern,Kaiserslautern,DE,49.44300079345703,7.771609783172607,0.9574728012084961,3,3,0.0,0.0,2019,2025,6
auckland,Auckland,NZ,-36.84853,174.76349,0.9562124609947205,4,4,0.25,0.0,2014,2018,4
kolkata,Kolkata,IN,22.56263,88.36304,0.9560531377792358,14,5,0.0,0.0,2018,2025,7
villeurbanne,Villeurbanne,FR,45.76601,4.8795,0.955856204032898,11,2,0.0,0.0,2024,2025,1
new orleans,New Orleans,US,29.95465,-90.07507,0.955170750617981,6,2,0.16666666666666666,0.0,2017,2021,4
abu dhabi,Abu Dhabi,AE,24.45118,54.39696,0.9548782110214233,3,11,0.0,0.0,2015,2025,10
palo alto,Palo Alto,US,37.44187927246094,-122.1430206298828,0.9548454284667969,3,5,0.0,0.0,2009,2020,11
st andrews,St Andrews,GB,56.33871,-2.79902,0.9545011520385742,3,7,0.0,0.0,2010,2021,11
buenos aires,Buenos Aires,AR,-34.61315,-58.37723,0.9543412923812866,14,2,0.07142857142857142,0.0,2012,2013,1
budapest,Budapest,HU,47.49835,19.04045,0.954297661781311,10,2,0.0,0.0,2014,2022,8
bochum,Bochum,DE,51.48165,7.21648,0.9541420340538025,4,4,0.0,0.0,2021,2025,4
münster,Münster,DE,51.96236,7.62571,0.9541149735450745,8,4,0.0,0.0,2022,2025,3
york,York,GB,53.9576301574707,-1.082710027694702,0.9538730382919312,6,4,0.0,0.0,2013,2017,4
santa cruz,Santa Cruz,US,36.97412109375,-122.03079986572266,0.9538339376449585,2,10,0.0,0.0,2013,2025,12
poznan,Poznan,PL,52.40692138671875,16.929929733276367,0.9536685943603516,4,7,0.0,0.0,2013,2016,3
davidson,Davidson,US,35.5023307800293,-80.83911895751953,0.9532147645950317,10,1,0.0,0.0,2010,2010,0
medford,Medford,US,42.41843,-71.10616,0.9531928896903992,13,6,0.0,0.0,2013,2019,6
manipal,Manipal,IN,13.35,74.78333,0.9528524875640869,3,6,0.0,0.0,2020,2025,5
bogotá,Bogotá,CO,4.609710216522217,-74.08174896240234,0.952782928943634,8,2,0.0,0.0,2012,2014,2
brisbane,Brisbane,AU,-27.46794,153.02809,0.9515495896339417,36,2,0.027777777777777776,0.0,2009,2011,2
québec,Québec,CA,46.81228,-71.21454,0.951515793800354,4,2,0.0,0.0,2024,2025,1
fukuoka,Fukuoka,JP,33.6,130.41667,0.9509152770042419,11,3,0.0,0.0,2020,2022,2
braunschweig,Braunschweig,DE,52.26594,10.52673,0.9507794976234436,7,2,0.0,0.0,2013,2014,1
thiruvananthapuram,Thiruvananthapuram,IN,8.4855,76.94924,0.9507447481155396,5,3,0.2,0.0,2022,2024,2
mohali,Mohali,IN,30.679950714111328,76.72210693359375,0.9505046606063843,5,2,0.2,0.5,2023,2023,0
lyon,Lyon,FR,45.74846,4.84671,0.9503973722457886,4,8,0.0,0.0,2010,2023,13
taoyuan city,Taoyuan City,TW,24.968280792236328,121.19288635253906,0.9502038955688477,5,3,0.0,0.0,2015,2017,2
providence,Providence,US,41.82399,-71.41283,0.9500408172607422,5,4,0.0,0.0,2009,2019,10
saint joseph,Saint Joseph,US,39.75993347167969,-94.79000091552734,0.9498094320297241,2,1,0.0,0.0,2009,2009,0
sherbrooke,Sherbrooke,CA,45.40008,-71.89908,0.9490291476249695,6,2,0.0,0.0,2015,2025,10
aberdeen,Aberdeen,GB,57.1436882019043,-2.098140001296997,0.9480768442153931,3,2,0.0,0.0,2009,2010,1
bordeaux,Bordeaux,FR,44.84124,-0.58046,0.9468896985054016,4,7,0.0,0.0,2012,2018,6
strasbourg,Strasbourg,FR,48.58392,7.74553,0.9465866088867188,13,3,0.0,0.0,2010,2019,9
bonn,Bonn,DE,50.70169448852539,7.1031107902526855,0.9465317726135254,6,7,0.0,0.14285714285714285,2012,2022,10
waterloo,Waterloo,CA,43.4668,-80.51639,0.9465268850326538,2,17,0.0,0.058823529411764705,2009,2025,16
kansas city,Kansas City,US,39.033546447753906,-94.57557678222656,0.9461049437522888,6,3,0.16666666666666666,0.3333333333333333,2014,2017,3
lisbon,Lisbon,PT,38.72509,-9.1498,0.9459856152534485,11,2,0.0,0.0,2020,2021,1
wellington,Wellington,NZ,-41.28664,174.77557,0.9456242322921753,4,2,0.25,0.0,2019,2021,2
seville,Seville,ES,37.38283,-5.97317,0.9452539086341858,3,4,0.0,0.0,2010,2016,6
incheon,Incheon,KR,37.37529373168945,126.6330108642578,0.9452446699142456,7,3,0.0,0.0,2021,2023,2
rio de janeiro,Rio de Janeiro,BR,-22.90641975402832,-43.18223190307617,0.9447738528251648,9,3,0.0,0.0,2021,2025,4
villejuif,Villejuif,FR,48.79389953613281,2.359920024871826,0.9444303512573242,3,8,0.0,0.0,2009,2024,15
lund,Lund,SE,55.705841064453125,13.193209648132324,0.9439871311187744,7,9,0.0,0.0,2017,2025,8
pretoria,Pretoria,ZA,-25.74485969543457,28.187829971313477,0.9439636468887329,3,2,0.0,0.0,2015,2016,1
rockville,Rockville,US,39.08399963378906,-77.15276336669922,0.9437588453292847,5,1,0.0,0.0,2018,2018,0
haikou,Haikou,CN,20.034210205078125,110.34651184082033,0.9436028003692627,4,3,0.0,0.0,2023,2025,2
milwaukee,Milwaukee,US,43.03889846801758,-87.9064712524414,0.9433836340904236,4,12,0.0,0.0,2012,2023,11
wilmington,Wilmington,US,34.24627685546875,-77.9498519897461,0.942863941192627,4,2,0.0,0.5,2024,2025,1
arlington,Arlington,US,42.41277694702149,-71.17412567138672,0.942853569984436,17,2,0.0,0.5,2019,2025,6
linköping,Linköping,SE,58.41086,15.62157,0.9427971243858337,3,11,0.0,0.18181818181818182,2013,2024,11
bandung,Bandung,ID,-6.922220230102539,107.60694122314452,0.9427034854888916,2,3,0.0,0.0,2014,2019,5
grenoble,Grenoble,FR,45.17869,5.71479,0.9423336386680603,3,8,0.0,0.0,2011,2025,14
ioannina,Ioannina,GR,39.66485977172851,20.851890563964844,0.9411971569061279,2,4,0.0,0.0,2021,2025,4
frankfurt am main,Frankfurt am Main,DE,50.11552,8.68417,0.9410825967788696,19,4,0.05263157894736842,0.0,2012,2025,13
irvine,Irvine,US,33.66946,-117.82311,0.9402285218238831,20,1,0.0,0.0,2025,2025,0
lima,Lima,PE,-12.043180465698242,-77.02823638916016,0.9397013187408447,2,9,0.0,0.1111111111111111,2016,2023,7
nanning,Nanning,CN,22.816669464111328,108.3166732788086,0.9396454691886902,2,7,0.0,0.0,2021,2024,3
tallahassee,Tallahassee,US,30.43825912475586,-84.28073120117188,0.9385209679603577,5,8,0.0,0.0,2017,2025,8
malang,Malang,ID,-7.979700088500977,112.63040161132812,0.9380205869674683,2,3,0.5,0.0,2014,2021,7
portland,Portland,US,45.58378601074219,-122.58010864257812,0.9377303123474121,10,1,0.0,0.0,2022,2022,0
macao,Macao,MO,22.20056,113.54611,0.9372161626815796,5,4,0.0,0.0,2023,2025,2
gifu city,Gifu City,JP,35.422908782958984,136.76039123535156,0.937179446220398,6,3,0.0,0.0,2014,2023,9
szeged,Szeged,HU,46.25299835205078,20.148239135742188,0.9368330240249634,4,4,0.0,0.0,2017,2024,7
rochester,Rochester,US,44.021629333496094,-92.46990203857422,0.936735212802887,15,2,0.0,0.5,2024,2025,1
mountain view,Mountain View,US,37.38605,-122.08385,0.9363754987716675,9,2,0.0,0.0,2024,2025,1
shiyan,Shiyan,CN,32.647499084472656,110.77806091308594,0.9363470077514648,4,3,0.0,0.0,2015,2024,9
saarbrücken,Saarbrücken,DE,49.25752639770508,7.041704177856445,0.9362525939941406,13,1,0.0,0.0,2014,2014,0
chiba,Chiba,JP,35.599998474121094,140.11666870117188,0.935746431350708,4,3,0.0,0.0,2009,2013,4
guanajuato city,Guanajuato City,MX,21.01858,-101.2591,0.9352920651435852,4,1,0.0,0.0,2016,2016,0
claremont,Claremont,US,34.0966796875,-117.71977996826172,0.9344611167907715,2,2,0.0,0.0,2012,2021,9
rethymno,Rethymno,GR,35.36555,24.48232,0.9340807795524597,4,3,0.0,0.0,2021,2023,2
indianapolis,Indianapolis,US,39.76838,-86.15804,0.9340059161186218,9,2,0.0,0.0,2013,2014,1
jerusalem,Jerusalem,IL,31.76904,35.21633,0.933418869972229,16,1,0.0,0.0,2018,2018,0
winnipeg,Winnipeg,CA,49.8844,-97.14704,0.9329942464828491,6,4,0.0,0.0,2022,2025,3
provo,Provo,US,40.23384094238281,-111.65853118896484,0.9311092495918274,2,6,0.0,0.0,2011,2025,14
cartago,Cartago,CR,9.864439964294434,-83.91944122314453,0.9310750961303711,2,6,0.5,0.0,2012,2022,10
greensboro,Greensboro,US,36.07263946533203,-79.79197692871094,0.930827260017395,4,2,0.0,0.0,2013,2014,1
são carlos,São Carlos,BR,-22.017499923706055,-47.890830993652344,0.930715024471283,2,3,0.0,0.0,2015,2019,4
washington,Washington,US,38.895111083984375,-77.03636932373047,0.9306500554084778,32,1,0.15625,0.0,2020,2020,0
eugene,Eugene,US,44.05207,-123.08675,0.930479109287262,2,3,0.0,0.0,2023,2025,2
clemson,Clemson,US,34.683441162109375,-82.83737182617188,0.9304489493370056,4,2,0.0,0.0,2012,2013,1
iowa city,Iowa City,US,41.65729141235352,-91.5359344482422,0.9297982454299927,8,2,0.125,1.0,2017,2018,1
victoria,Victoria,CA,48.4359,-123.35155,0.9294915795326233,2,3,0.0,0.0,2009,2014,5
ulsan,Ulsan,KR,35.53722,129.31667,0.9291453957557678,16,1,0.0625,0.0,2011,2011,0
nantes,Nantes,FR,47.21725082397461,-1.5533599853515625,0.9288966655731201,2,4,0.0,0.0,2019,2023,4
maebashi,Maebashi,JP,36.43027877807617,139.0449981689453,0.9285427331924438,4,2,0.0,0.0,2019,2021,2
málaga,Málaga,ES,36.72016,-4.42034,0.9281792044639587,4,2,0.0,0.0,2021,2022,1
bath,Bath,GB,51.3751,-2.36172,0.9278191328048706,8,1,0.0,0.0,2022,2022,0
storrs,Storrs,US,41.80842971801758,-72.24951934814453,0.9270115494728088,5,3,0.0,0.6666666666666666,2012,2018,6
notre dame,Notre Dame,US,41.70019,-86.23793,0.9269447326660156,12,1,0.0,0.0,2025,2025,0
nijmegen,Nijmegen,NL,51.8425,5.85278,0.9267252683639526,27,1,0.0,0.0,2024,2024,0
freiburg,Freiburg,DE,48.025001525878906,7.8516669273376465,0.9251315593719482,2,2,0.0,0.0,2024,2025,1
louvain-la-neuve,Louvain-la-Neuve,BE,50.66828918457031,4.614429950714111,0.9236047267913818,3,1,0.0,0.0,2025,2025,0
louisville,Louisville,US,38.25423812866211,-85.75940704345703,0.9222848415374756,3,3,0.0,0.0,2023,2025,2
nur-sultan,Nur-Sultan,KZ,51.18009948730469,71.44597625732422,0.9222495555877686,1,5,0.0,0.2,2014,2022,8
santa barbara,Santa Barbara,US,34.42083,-119.69819,0.9220194816589355,15,1,0.0,0.0,2014,2014,0
kharagpur,Kharagpur,IN,22.339710235595703,87.32501220703125,0.9219112396240234,2,3,0.5,0.0,2015,2025,10
reno,Reno,US,39.52963,-119.8138,0.9211798906326294,3,6,0.0,0.16666666666666666,2009,2014,5
kunming,Kunming,CN,25.038890838623047,102.71833038330078,0.9209036827087402,4,1,0.0,0.0,2025,2025,0
johannesburg,Johannesburg,ZA,-26.20227,28.04363,0.9207867383956909,3,2,0.0,0.0,2010,2011,1
toluca,Toluca,MX,19.287860870361328,-99.65323638916016,0.9194705486297607,1,5,0.0,0.0,2015,2017,2
leicester,Leicester,GB,52.63859939575195,-1.1316900253295898,0.9190993309020996,3,4,0.0,0.0,2012,2016,4
quito,Quito,EC,-0.22985,-78.52495,0.9187666177749634,1,1,0.0,0.0,2021,2021,0
brno,Brno,CZ,49.19522,16.60796,0.9187226295471191,8,3,0.0,0.0,2020,2025,5
mayagüez,Mayagüez,PR,18.20107078552246,-67.13961791992188,0.9180242419242859,2,5,0.0,0.0,2019,2025,6
halifax,Halifax,CA,44.64269,-63.57688,0.9176636934280396,2,4,0.0,0.5,2015,2018,3
düsseldorf,Düsseldorf,DE,51.22172164916992,6.776159763336182,0.9174888730049133,10,1,0.1,0.0,2016,2016,0
prague,Prague,CZ,50.08804,14.42076,0.9171721935272217,29,1,0.0,0.0,2025,2025,0
college station,College Station,US,30.62798,-96.33441,0.9168078899383545,10,1,0.1,0.0,2022,2022,0
denver,Denver,US,39.73915100097656,-104.98470306396484,0.9165694713592529,4,1,0.0,0.0,2016,2016,0
dallas,Dallas,US,32.78306,-96.80667,0.916446328163147,12,1,0.0,0.0,2014,2014,0
ulm,Ulm,DE,48.39841,9.99155,0.915344774723053,6,1,0.5,0.0,2020,2020,0
zhenjiang,Zhenjiang,CN,32.21086120605469,119.455078125,0.9139375686645508,3,1,0.3333333333333333,0.0,2019,2019,0
newark,Newark,US,39.68372,-75.74966,0.9130339622497559,6,1,0.16666666666666666,0.0,2017,2017,0
lecce,Lecce,IT,40.35481,18.17244,0.9109416604042053,11,1,0.09090909090909091,0.0,2013,2013,0
yogyakarta,Yogyakarta,ID,-7.801390171051025,110.3647232055664,0.910707950592041,7,2,0.0,0.0,2021,2023,2
kampala,Kampala,UG,0.3162800073623657,32.582191467285156,0.9102380275726318,1,3,0.0,0.0,2018,2023,5
alexandria,Alexandria,US,38.79108810424805,-77.06861877441406,0.909967303276062,2,2,0.0,0.0,2013,2014,1
accra,Accra,GH,5.5560197830200195,-0.1968999952077865,0.9099114537239075,1,5,0.0,0.0,2017,2023,6
porto alegre,Porto Alegre,BR,-30.03283,-51.23019,0.9096629619598389,5,1,0.4,0.0,2019,2019,0
bloomington,Bloomington,US,39.16533,-86.52639,0.9087246060371399,14,1,0.0,0.0,2009,2009,0
leeds,Leeds,GB,53.79648,-1.54785,0.9085856676101685,13,1,0.0,0.0,2013,2013,0
kobe,Kobe,JP,34.6913,135.183,0.9072095155715942,21,1,0.0,0.0,2017,2017,0
tartu,Tartu,EE,58.380619049072266,26.72509002685547,0.9070303440093994,1,8,0.0,0.0,2017,2025,8
geneva,Geneva,CH,46.20222,6.14569,0.9069729447364807,4,1,0.0,0.0,2019,2019,0
warangal,Warangal,IN,18.0,79.58332824707031,0.9066363573074341,1,1,1.0,0.0,2021,2021,0
wroclaw,Wroclaw,PL,51.099998474121094,17.0333309173584,0.9064127206802368,3,1,0.3333333333333333,0.0,2019,2019,0
rotterdam,Rotterdam,NL,51.943145751953125,4.429708003997803,0.9059507250785828,13,2,0.07692307692307693,0.0,2018,2019,1
basel,Basel,CH,47.56859588623047,7.586977958679199,0.9051874876022339,17,1,0.0,0.0,2010,2010,0
cheongju-si,Cheongju-si,KR,36.63722,127.48972,0.9051138162612915,4,2,0.0,0.0,2009,2010,1
würzburg,Würzburg,DE,49.79391,9.95121,0.9045289754867554,5,1,0.0,0.0,2018,2018,0
pisa,Pisa,IT,43.70853,10.4036,0.9045186042785645,4,1,0.0,0.0,2024,2024,0
mainz,Mainz,DE,49.98419189453125,8.27910041809082,0.9042873382568359,22,1,0.0,0.0,2025,2025,0
waltham,Waltham,US,42.37649154663086,-71.23561096191406,0.9027875065803528,5,1,0.0,0.0,2014,2014,0
tuscaloosa,Tuscaloosa,US,33.20984,-87.56917,0.9026042819023132,5,1,0.0,0.0,2019,2019,0
thessaloniki,Thessaloniki,GR,40.64360809326172,22.93086051940918,0.9022616744041443,2,14,0.0,0.0,2013,2025,12
depok,Depok,ID,-6.400000095367432,106.81861114501952,0.9018721580505371,2,6,0.0,0.0,2014,2023,9
salt lake city,Salt Lake City,US,40.76078,-111.89105,0.900895893573761,31,1,0.03225806451612903,0.0,2025,2025,0
coimbatore,Coimbatore,IN,11.00555,76.96612,0.8999738693237305,2,1,0.0,0.0,2020,2020,0
cincinnati,Cincinnati,US,39.12711,-84.51439,0.8993057608604431,11,2,0.09090909090909091,0.0,2013,2014,1
golden,Golden,US,39.75554,-105.2211,0.8975811004638672,5,2,0.2,0.0,2018,2019,1
honolulu,Honolulu,US,21.30694007873535,-157.85833740234375,0.8964901566505432,6,1,0.0,0.0,2018,2018,0
mansfield,Mansfield,US,41.80680084228515,-77.07080078125,0.8962559700012207,2,2,0.0,0.0,2016,2023,7
johnson city,Johnson City,US,36.31344,-82.35347,0.8958627581596375,4,1,0.0,0.0,2025,2025,0
vilnius,Vilnius,LT,54.68915939331055,25.279800415039062,0.8958539366722107,1,12,0.0,0.0,2015,2025,10
christchurch,Christchurch,NZ,-43.53333,172.63333,0.8948198556900024,1,2,0.0,0.0,2019,2024,5
riga,Riga,LV,56.946,24.10589,0.8943634629249573,1,4,0.0,0.0,2022,2025,3
florence,Florence,IT,43.77925,11.24626,0.893903911113739,6,1,0.0,0.0,2017,2017,0
auburn,Auburn,US,32.60986,-85.48078,0.8938480615615845,3,1,0.0,0.0,2019,2019,0
cuernavaca,Cuernavaca,MX,18.92609977722168,-99.23075103759766,0.8894269466400146,2,1,0.0,0.0,2012,2012,0
foshan,Foshan,CN,23.026769638061523,113.13147735595705,0.8883519172668457,1,3,0.0,0.0,2021,2025,4
southampton,Southampton,GB,50.90395,-1.40428,0.8866920471191406,3,1,0.0,0.0,2009,2009,0
obninsk,Obninsk,RU,55.109954833984375,36.61601257324219,0.885956883430481,2,1,0.0,0.0,2021,2021,0
novosibirsk,Novosibirsk,RU,54.84768295288086,83.10700225830078,0.8841041326522827,4,1,0.0,0.0,2021,2021,0
newcastle,Newcastle,AU,-32.92953,151.7801,0.8823822140693665,1,2,0.0,0.0,2020,2022,2
ya'an,Ya'an,CN,29.985210418701172,102.9990005493164,0.881983757019043,3,1,0.0,0.0,2017,2017,0
irapuato,Irapuato,MX,20.67675018310547,-101.35627746582033,0.8813819885253906,1,1,0.0,0.0,2012,2012,0
stillwater,Stillwater,US,36.11560821533203,-97.0583724975586,0.8810895681381226,1,2,0.0,0.0,2023,2024,1
debrecen,Debrecen,HU,47.53166961669922,21.624439239501953,0.8801316618919373,2,2,0.0,0.0,2010,2011,1
panama city,Panama City,PA,8.988492965698242,-79.51093292236328,0.8789346218109131,2,7,0.0,0.14285714285714285,2010,2024,14
krakow,Krakow,PL,50.061431884765625,19.936580657958984,0.8770428895950317,2,1,0.0,0.0,2024,2024,0
busan,Busan,US,35.101680755615234,129.03004455566406,0.876023530960083,15,1,0.0,0.0,2020,2020,0
oakland,Oakland,US,37.80437,-122.2708,0.8752245903015137,4,1,0.0,0.0,2014,2014,0
reading,Reading,GB,51.45624923706055,-0.9711300134658812,0.8735806345939636,2,2,0.0,0.0,2014,2015,1
vellore,Vellore,IN,12.9184,79.13255,0.8734982013702393,1,8,0.0,0.0,2011,2025,14
huntsville,Huntsville,US,34.712501525878906,-86.67949676513672,0.8657921552658081,1,1,0.0,0.0,2019,2019,0
seongnam-si,Seongnam-si,KR,37.43861,127.13778,0.863906979560852,1,1,0.0,0.0,2020,2020,0
xuzhou,Xuzhou,CN,34.19940185546875,117.1841812133789,0.8626954555511475,4,1,0.0,0.0,2016,2016,0
pamplona,Pamplona,ES,42.816871643066406,-1.6432299613952637,0.8623997569084167,2,7,0.0,0.0,2019,2023,4
faridabad,Faridabad,IN,28.428970336914062,77.31842041015625,0.8600912690162659,1,1,1.0,0.0,2020,2020,0
matsuyama,Matsuyama,JP,33.849998474121094,132.7711181640625,0.8584529161453247,1,1,0.0,0.0,2012,2012,0
wellesley,Wellesley,US,42.29649,-71.29256,0.8546380400657654,1,3,0.0,0.0,2012,2015,3
dhahran,Dhahran,SA,26.288639068603516,50.11396026611328,0.8522982597351074,1,1,0.0,0.0,2024,2024,0
guwahati,Guwahati,IN,26.18440055847168,91.74579620361328,0.8510785102844238,3,1,0.0,0.0,2017,2017,0
santa clara,Santa Clara,US,37.328182220458984,-121.99708557128906,0.8497134447097778,1,1,0.0,0.0,2015,2015,0
roorkee,Roorkee,IN,29.86214256286621,77.89672088623047,0.8432053923606873,1,4,0.0,0.0,2020,2024,4
phoenix,Phoenix,US,33.44837951660156,-112.07404327392578,0.838083028793335,1,1,0.0,0.0,2013,2013,0
bogor,Bogor,ID,-6.59443998336792,106.78916931152344,0.8359609842300415,1,1,0.0,0.0,2012,2012,0
merced,Merced,US,37.30215835571289,-120.48297119140624,0.8283678293228149,1,1,0.0,1.0,2012,2012,0
león,León,ES,42.60002899169922,-5.570320129394531,0.8279829025268555,1,1,0.0,0.0,2024,2024,0
tampa,Tampa,US,27.94752,-82.45843,0.8156236410140991,2,1,0.0,1.0,2019,2019,0
west point,West Point,US,41.39148,-73.95597,0.8142953515052795,1,1,0.0,0.0,2011,2011,0
orléans,Orléans,FR,47.90248,1.90407,0.8137590885162354,1,1,0.0,0.0,2019,2019,0
kfar saba,Kfar Saba,IL,32.1818962097168,34.89561080932617,0.8074597120285034,1,2,0.0,0.0,2015,2016,1
charleston,Charleston,US,32.77632,-79.93275,0.8052262663841248,1,1,0.0,0.0,2010,2010,0
boca raton,Boca Raton,US,26.35869026184082,-80.08309936523438,0.8043339252471924,1,1,0.0,0.0,2017,2017,0
