project_id,team_id,team_name,year,doi,doi_url,n_source_pages,source_pages,wiki_url,pages_crawled,status
igem_Aberdeen_Scotland_2009,182,Aberdeen_Scotland,2009,10.1016/j.cam.2006.02.063,https://doi.org/10.1016/j.cam.2006.02.063,1,https://2009.igem.org/Team:Aberdeen_Scotland/internal/stochastic,https://2009.igem.org/Team:Aberdeen_Scotland,40,ok
igem_Aberdeen_Scotland_2009,182,Aberdeen_Scotland,2009,10.1371/journal.pbio.0050058,https://doi.org/10.1371/journal.pbio.0050058,1,https://2009.igem.org/Team:Aberdeen_Scotland/ethics,https://2009.igem.org/Team:Aberdeen_Scotland,40,ok
igem_BCCS-Bristol_2009,259,BCCS-Bristol,2009,10.1002/pmic.200700196,https://doi.org/10.1002/pmic.200700196,2,https://2009.igem.org/Team:BCCS-Bristol/Project;http://2009.igem.org/Team:BCCS-Bristol/Project,https://2009.igem.org/Team:BCCS-Bristol,40,ok
igem_BCCS-Bristol_2009,259,BCCS-Bristol,2009,10.1016/j.jmb.2008.03.076,https://doi.org/10.1016/j.jmb.2008.03.076,2,https://2009.igem.org/Team:BCCS-Bristol/Project;http://2009.igem.org/Team:BCCS-Bristol/Project,https://2009.igem.org/Team:BCCS-Bristol,40,ok
igem_BCCS-Bristol_2009,259,BCCS-Bristol,2009,10.1021/cr078258w,https://doi.org/10.1021/cr078258w,1,https://2009.igem.org/Team:BCCS-Bristol/Team/Preliminary_meetings,https://2009.igem.org/Team:BCCS-Bristol,40,ok
igem_BCCS-Bristol_2009,259,BCCS-Bristol,2009,10.1038/35002125,https://doi.org/10.1038/35002125,2,https://2009.igem.org/Team:BCCS-Bristol/BSim/Case_studies/Repressilators;http://2009.igem.org/Team:BCCS-Bristol/BSim/Case_studies/Repressilators,https://2009.igem.org/Team:BCCS-Bristol,40,ok
igem_BCCS-Bristol_2009,259,BCCS-Bristol,2009,10.1038/35002131,https://doi.org/10.1038/35002131,2,https://2009.igem.org/Team:BCCS-Bristol/BSim/Case_studies/VESECURE;http://2009.igem.org/Team:BCCS-Bristol/BSim/Case_studies/VESECURE,https://2009.igem.org/Team:BCCS-Bristol,40,ok
igem_BCCS-Bristol_2009,259,BCCS-Bristol,2009,10.1063/1.2402221,https://doi.org/10.1063/1.2402221,2,https://2009.igem.org/Team:BCCS-Bristol/Project;http://2009.igem.org/Team:BCCS-Bristol/Project,https://2009.igem.org/Team:BCCS-Bristol,40,ok
igem_BCCS-Bristol_2009,259,BCCS-Bristol,2009,10.1073/pnas.0307095101,https://doi.org/10.1073/pnas.0307095101,2,https://2009.igem.org/Team:BCCS-Bristol/BSim/Case_studies/Repressilators;http://2009.igem.org/Team:BCCS-Bristol/BSim/Case_studies/Repressilators,https://2009.igem.org/Team:BCCS-Bristol,40,ok
igem_BCCS-Bristol_2009,259,BCCS-Bristol,2009,10.1111/j.1365-2958.2006.05272.x,https://doi.org/10.1111/j.1365-2958.2006.05272.x,2,https://2009.igem.org/Team:BCCS-Bristol/Project;http://2009.igem.org/Team:BCCS-Bristol/Project,https://2009.igem.org/Team:BCCS-Bristol,40,ok
igem_Chiba_2009,247,Chiba,2009,10.1146/annurev.micro.55.1.165,https://doi.org/10.1146/annurev.micro.55.1.165,2,https://2009.igem.org/Team:Chiba/Reference;http://2009.igem.org/Team:Chiba/Reference,https://2009.igem.org/Team:Chiba,28,ok
igem_DTU_Denmark_2009,194,DTU_Denmark,2009,10.1002/yea.1130,https://doi.org/10.1002/yea.1130,2,https://2009.igem.org/Team:DTU_Denmark/results;http://2009.igem.org/Team:DTU_Denmark/results,https://2009.igem.org/Team:DTU_Denmark,38,ok
igem_EPF-Lausanne_2009,191,EPF-Lausanne,2009,10.1021/bi020690e,https://doi.org/10.1021/bi020690e,2,https://2009.igem.org/Team:EPF-Lausanne/References;http://2009.igem.org/Team:EPF-Lausanne/References,https://2009.igem.org/Team:EPF-Lausanne,40,ok
igem_EPF-Lausanne_2009,191,EPF-Lausanne,2009,10.1021/bi700852w,https://doi.org/10.1021/bi700852w,1,https://2009.igem.org/Team:EPF-Lausanne/Information_&_references,https://2009.igem.org/Team:EPF-Lausanne,40,ok
igem_EPF-Lausanne_2009,191,EPF-Lausanne,2009,10.1021/bi701851v,https://doi.org/10.1021/bi701851v,1,https://2009.igem.org/Team:EPF-Lausanne/Information_&_references,https://2009.igem.org/Team:EPF-Lausanne,40,ok
igem_EPF-Lausanne_2009,191,EPF-Lausanne,2009,10.1038/nchembio.210,https://doi.org/10.1038/nchembio.210,1,https://2009.igem.org/Team:EPF-Lausanne/Information_&_references,https://2009.igem.org/Team:EPF-Lausanne,40,ok
igem_Groningen_2009,190,Groningen,2009,10.1002/(sici)1097-0290(19990720)64,https://doi.org/10.1002/(sici)1097-0290(19990720)64,1,https://2009.igem.org/Team:Groningen/Literature,https://2009.igem.org/Team:Groningen,40,ok
igem_Groningen_2009,190,Groningen,2009,10.1007/bf00286685,https://doi.org/10.1007/bf00286685,1,https://2009.igem.org/Team:Groningen/Literature,https://2009.igem.org/Team:Groningen,40,ok
igem_Groningen_2009,190,Groningen,2009,10.1007/bf01569937,https://doi.org/10.1007/bf01569937,1,https://2009.igem.org/Team:Groningen/Literature,https://2009.igem.org/Team:Groningen,40,ok
igem_Groningen_2009,190,Groningen,2009,10.1007/s007750050053,https://doi.org/10.1007/s007750050053,1,https://2009.igem.org/Team:Groningen/Literature,https://2009.igem.org/Team:Groningen,40,ok
igem_Groningen_2009,190,Groningen,2009,10.1007/s10534-005-3716-8,https://doi.org/10.1007/s10534-005-3716-8,1,https://2009.igem.org/Team:Groningen/Literature,https://2009.igem.org/Team:Groningen,40,ok
igem_Groningen_2009,190,Groningen,2009,10.1007/s10863-007-9113-y,https://doi.org/10.1007/s10863-007-9113-y,1,https://2009.igem.org/Team:Groningen/Literature,https://2009.igem.org/Team:Groningen,40,ok
igem_Groningen_2009,190,Groningen,2009,10.1007/s11693-008-9018-z,https://doi.org/10.1007/s11693-008-9018-z,1,https://2009.igem.org/Team:Groningen/Literature,https://2009.igem.org/Team:Groningen,40,ok
igem_Groningen_2009,190,Groningen,2009,10.1007/s11948-006-0063-2,https://doi.org/10.1007/s11948-006-0063-2,1,https://2009.igem.org/Team:Groningen/Literature,https://2009.igem.org/Team:Groningen,40,ok
igem_Groningen_2009,190,Groningen,2009,10.1016/0014-5793(92)80509-f,https://doi.org/10.1016/0014-5793(92)80509-f,1,https://2009.igem.org/Team:Groningen/Literature,https://2009.igem.org/Team:Groningen,40,ok
igem_Groningen_2009,190,Groningen,2009,10.1016/0022-2836(79)90281-x,https://doi.org/10.1016/0022-2836(79)90281-x,1,https://2009.igem.org/Team:Groningen/Literature,https://2009.igem.org/Team:Groningen,40,ok
igem_Groningen_2009,190,Groningen,2009,10.1016/j.cbpa.2007.12.010,https://doi.org/10.1016/j.cbpa.2007.12.010,1,https://2009.igem.org/Team:Groningen/Literature,https://2009.igem.org/Team:Groningen,40,ok
igem_Groningen_2009,190,Groningen,2009,10.1016/j.colsurfa.2009.06.017,https://doi.org/10.1016/j.colsurfa.2009.06.017,1,https://2009.igem.org/Team:Groningen/Literature,https://2009.igem.org/Team:Groningen,40,ok
igem_Groningen_2009,190,Groningen,2009,10.1016/j.desal.2004.03.013,https://doi.org/10.1016/j.desal.2004.03.013,1,https://2009.igem.org/Team:Groningen/Literature,https://2009.igem.org/Team:Groningen,40,ok
igem_Groningen_2009,190,Groningen,2009,10.1016/j.desal.2006.03.091,https://doi.org/10.1016/j.desal.2006.03.091,1,https://2009.igem.org/Team:Groningen/Literature,https://2009.igem.org/Team:Groningen,40,ok
igem_Groningen_2009,190,Groningen,2009,10.1016/j.ecolmodel.2007.03.024,https://doi.org/10.1016/j.ecolmodel.2007.03.024,1,https://2009.igem.org/Team:Groningen/Literature,https://2009.igem.org/Team:Groningen,40,ok
igem_Groningen_2009,190,Groningen,2009,10.1016/j.jcis.2009.04.075,https://doi.org/10.1016/j.jcis.2009.04.075,1,https://2009.igem.org/Team:Groningen/Literature,https://2009.igem.org/Team:Groningen,40,ok
igem_Groningen_2009,190,Groningen,2009,10.1016/j.jhazmat.2007.01.017,https://doi.org/10.1016/j.jhazmat.2007.01.017,1,https://2009.igem.org/Team:Groningen/Literature,https://2009.igem.org/Team:Groningen,40,ok
igem_Groningen_2009,190,Groningen,2009,10.1016/j.jmb.2009.02.015,https://doi.org/10.1016/j.jmb.2009.02.015,1,https://2009.igem.org/Team:Groningen/Literature,https://2009.igem.org/Team:Groningen,40,ok
igem_Groningen_2009,190,Groningen,2009,10.1016/j.mib.2009.02.003,https://doi.org/10.1016/j.mib.2009.02.003,1,https://2009.igem.org/Team:Groningen/Literature,https://2009.igem.org/Team:Groningen,40,ok
igem_Groningen_2009,190,Groningen,2009,10.1016/j.mimet.2009.02.005,https://doi.org/10.1016/j.mimet.2009.02.005,1,https://2009.igem.org/Team:Groningen/Literature,https://2009.igem.org/Team:Groningen,40,ok
igem_Groningen_2009,190,Groningen,2009,10.1016/j.toxlet.2005.11.008,https://doi.org/10.1016/j.toxlet.2005.11.008,1,https://2009.igem.org/Team:Groningen/Literature,https://2009.igem.org/Team:Groningen,40,ok
igem_Groningen_2009,190,Groningen,2009,10.1016/s0140-6736(08)61881-4,https://doi.org/10.1016/s0140-6736(08)61881-4,1,https://2009.igem.org/Team:Groningen/Literature,https://2009.igem.org/Team:Groningen,40,ok
igem_Groningen_2009,190,Groningen,2009,10.1016/s0167-4838(98)00247-7,https://doi.org/10.1016/s0167-4838(98)00247-7,1,https://2009.igem.org/Team:Groningen/Literature,https://2009.igem.org/Team:Groningen,40,ok
igem_Groningen_2009,190,Groningen,2009,10.1016/s0378-1119(98)00395-3,https://doi.org/10.1016/s0378-1119(98)00395-3,1,https://2009.igem.org/Team:Groningen/Literature,https://2009.igem.org/Team:Groningen,40,ok
igem_Groningen_2009,190,Groningen,2009,10.1016/s0922-338x(98)80016-0,https://doi.org/10.1016/s0922-338x(98)80016-0,1,https://2009.igem.org/Team:Groningen/Literature,https://2009.igem.org/Team:Groningen,40,ok
igem_Groningen_2009,190,Groningen,2009,10.1021/bi801313y,https://doi.org/10.1021/bi801313y,1,https://2009.igem.org/Team:Groningen/Literature,https://2009.igem.org/Team:Groningen,40,ok
igem_Groningen_2009,190,Groningen,2009,10.1021/bi9007462,https://doi.org/10.1021/bi9007462,1,https://2009.igem.org/Team:Groningen/Literature,https://2009.igem.org/Team:Groningen,40,ok
igem_Groningen_2009,190,Groningen,2009,10.1021/ja062914c,https://doi.org/10.1021/ja062914c,1,https://2009.igem.org/Team:Groningen/Literature,https://2009.igem.org/Team:Groningen,40,ok
igem_Groningen_2009,190,Groningen,2009,10.1023/a:1015353402657,https://doi.org/10.1023/a:1015353402657,1,https://2009.igem.org/Team:Groningen/Literature,https://2009.igem.org/Team:Groningen,40,ok
igem_Groningen_2009,190,Groningen,2009,10.1023/a:1015812517214,https://doi.org/10.1023/a:1015812517214,1,https://2009.igem.org/Team:Groningen/Literature,https://2009.igem.org/Team:Groningen,40,ok
igem_Groningen_2009,190,Groningen,2009,10.1023/a:1020313409954,https://doi.org/10.1023/a:1020313409954,1,https://2009.igem.org/Team:Groningen/Literature,https://2009.igem.org/Team:Groningen,40,ok
igem_Groningen_2009,190,Groningen,2009,10.1038/nchembio844,https://doi.org/10.1038/nchembio844,1,https://2009.igem.org/Team:Groningen/Literature,https://2009.igem.org/Team:Groningen,40,ok
igem_Groningen_2009,190,Groningen,2009,10.1042/bj20081713,https://doi.org/10.1042/bj20081713,1,https://2009.igem.org/Team:Groningen/Literature,https://2009.igem.org/Team:Groningen,40,ok
igem_Groningen_2009,190,Groningen,2009,10.1046/10.1128/jb.00384-09,https://doi.org/10.1046/10.1128/jb.00384-09,1,https://2009.igem.org/Team:Groningen/Literature,https://2009.igem.org/Team:Groningen,40,ok
igem_Groningen_2009,190,Groningen,2009,10.1046/j.1365-2958.2002.03109.x,https://doi.org/10.1046/j.1365-2958.2002.03109.x,1,https://2009.igem.org/Team:Groningen/Literature,https://2009.igem.org/Team:Groningen,40,ok
igem_Groningen_2009,190,Groningen,2009,10.1073/pnas.95.18.10728,https://doi.org/10.1073/pnas.95.18.10728,1,https://2009.igem.org/Team:Groningen/Literature,https://2009.igem.org/Team:Groningen,40,ok
igem_Groningen_2009,190,Groningen,2009,10.1074/jbc.271.5.2427,https://doi.org/10.1074/jbc.271.5.2427,1,https://2009.igem.org/Team:Groningen/Literature,https://2009.igem.org/Team:Groningen,40,ok
igem_Groningen_2009,190,Groningen,2009,10.1074/jbc.m006508200,https://doi.org/10.1074/jbc.m006508200,1,https://2009.igem.org/Team:Groningen/Literature,https://2009.igem.org/Team:Groningen,40,ok
igem_Groningen_2009,190,Groningen,2009,10.1074/jbc.m310560200,https://doi.org/10.1074/jbc.m310560200,1,https://2009.igem.org/Team:Groningen/Literature,https://2009.igem.org/Team:Groningen,40,ok
igem_Groningen_2009,190,Groningen,2009,10.1074/jbc.m400037200,https://doi.org/10.1074/jbc.m400037200,1,https://2009.igem.org/Team:Groningen/Literature,https://2009.igem.org/Team:Groningen,40,ok
igem_Groningen_2009,190,Groningen,2009,10.1074/jbc.m700886200,https://doi.org/10.1074/jbc.m700886200,1,https://2009.igem.org/Team:Groningen/Literature,https://2009.igem.org/Team:Groningen,40,ok
igem_Groningen_2009,190,Groningen,2009,10.1074/mcp.m400099-mcp200,https://doi.org/10.1074/mcp.m400099-mcp200,1,https://2009.igem.org/Team:Groningen/Literature,https://2009.igem.org/Team:Groningen,40,ok
igem_Groningen_2009,190,Groningen,2009,10.1093/molbev/msm169,https://doi.org/10.1093/molbev/msm169,1,https://2009.igem.org/Team:Groningen/Literature,https://2009.igem.org/Team:Groningen,40,ok
igem_Groningen_2009,190,Groningen,2009,10.1099/mic.0.28724-0,https://doi.org/10.1099/mic.0.28724-0,1,https://2009.igem.org/Team:Groningen/Literature,https://2009.igem.org/Team:Groningen,40,ok
igem_Groningen_2009,190,Groningen,2009,10.1111/j.1365-2958.2005.04532.x,https://doi.org/10.1111/j.1365-2958.2005.04532.x,1,https://2009.igem.org/Team:Groningen/Literature,https://2009.igem.org/Team:Groningen,40,ok
igem_Groningen_2009,190,Groningen,2009,10.1111/j.1365-2958.2005.04642.x,https://doi.org/10.1111/j.1365-2958.2005.04642.x,1,https://2009.igem.org/Team:Groningen/Literature,https://2009.igem.org/Team:Groningen,40,ok
igem_Groningen_2009,190,Groningen,2009,10.1126/science.147.3664.1460,https://doi.org/10.1126/science.147.3664.1460,1,https://2009.igem.org/Team:Groningen/Literature,https://2009.igem.org/Team:Groningen,40,ok
igem_Groningen_2009,190,Groningen,2009,10.1128/aem.02871-07,https://doi.org/10.1128/aem.02871-07,1,https://2009.igem.org/Team:Groningen/Literature,https://2009.igem.org/Team:Groningen,40,ok
igem_Groningen_2009,190,Groningen,2009,10.1128/aem.70.8.4582-4587.2004,https://doi.org/10.1128/aem.70.8.4582-4587.2004,1,https://2009.igem.org/Team:Groningen/Literature,https://2009.igem.org/Team:Groningen,40,ok
igem_Groningen_2009,190,Groningen,2009,10.1128/jb.00307-08,https://doi.org/10.1128/jb.00307-08,1,https://2009.igem.org/Team:Groningen/Literature,https://2009.igem.org/Team:Groningen,40,ok
igem_Groningen_2009,190,Groningen,2009,10.1128/jb.187.12.3909-3912.2005,https://doi.org/10.1128/jb.187.12.3909-3912.2005,1,https://2009.igem.org/Team:Groningen/Literature,https://2009.igem.org/Team:Groningen,40,ok
igem_Groningen_2009,190,Groningen,2009,10.1155/2006/837139,https://doi.org/10.1155/2006/837139,1,https://2009.igem.org/Team:Groningen/Literature,https://2009.igem.org/Team:Groningen,40,ok
igem_Groningen_2009,190,Groningen,2009,10.1186/1754-1611-3-4,https://doi.org/10.1186/1754-1611-3-4,1,https://2009.igem.org/Team:Groningen/Literature,https://2009.igem.org/Team:Groningen,40,ok
igem_Illinois_2009,252,Illinois,2009,10.1146/annurev.micro.58.030603.123841,https://doi.org/10.1146/annurev.micro.58.030603.123841,2,https://2009.igem.org/Team:Illinois/Research;http://2009.igem.org/Team:Illinois/Research,https://2009.igem.org/Team:Illinois,36,ok
igem_Illinois_2009,252,Illinois,2009,10.1371/journal.pbio.0050229,https://doi.org/10.1371/journal.pbio.0050229,2,https://2009.igem.org/Team:Illinois/Research;http://2009.igem.org/Team:Illinois/Research,https://2009.igem.org/Team:Illinois,36,ok
igem_Illinois-Tools_2009,261,Illinois-Tools,2009,10.1371/journal.pcbi.0040023,https://doi.org/10.1371/journal.pcbi.0040023,2,https://2009.igem.org/Team:Illinois-Tools/Resources;http://2009.igem.org/Team:Illinois-Tools/Resources,https://2009.igem.org/Team:Illinois-Tools,16,ok
igem_KULeuven_2009,238,KULeuven,2009,10.1016/s0378-1119(96)00328-9,https://doi.org/10.1016/s0378-1119(96)00328-9,1,https://2009.igem.org/Team:KULeuven/Notebook/Vanillin_Receptor,https://2009.igem.org/Team:KULeuven,40,ok
igem_KULeuven_2009,238,KULeuven,2009,10.1128/aem.69.11.6569-6576.2003,https://doi.org/10.1128/aem.69.11.6569-6576.2003,1,https://2009.igem.org/Team:KULeuven/Notebook/Vanillin_Production,https://2009.igem.org/Team:KULeuven,40,ok
igem_LCG-UNAM-Mexico_2009,242,LCG-UNAM-Mexico,2009,10.1074/jbc,https://doi.org/10.1074/jbc,1,https://2009.igem.org/Team:LCG-UNAM-Mexico/AbrahamJurnal,https://2009.igem.org/Team:LCG-UNAM-Mexico,40,ok
igem_NYMU-Taipei_2009,195,NYMU-Taipei,2009,10.1002/anie.200600572,https://doi.org/10.1002/anie.200600572,2,https://2009.igem.org/Team:NYMU-Taipei/Project/Receptor/Sialic_Acid;http://2009.igem.org/Team:NYMU-Taipei/Project/Receptor/Sialic_Acid,https://2009.igem.org/Team:NYMU-Taipei,40,ok
igem_NYMU-Taipei_2009,195,NYMU-Taipei,2009,10.1007/s00011-007-7057-7,https://doi.org/10.1007/s00011-007-7057-7,2,https://2009.igem.org/Team:NYMU-Taipei/Project/Removal;http://2009.igem.org/Team:NYMU-Taipei/Project/Removal,https://2009.igem.org/Team:NYMU-Taipei,40,ok
igem_NYMU-Taipei_2009,195,NYMU-Taipei,2009,10.1038/nprot.2006.401,https://doi.org/10.1038/nprot.2006.401,2,https://2009.igem.org/Team:NYMU-Taipei/Project/Receptor/Sialic_Acid;http://2009.igem.org/Team:NYMU-Taipei/Project/Receptor/Sialic_Acid,https://2009.igem.org/Team:NYMU-Taipei,40,ok
igem_NYMU-Taipei_2009,195,NYMU-Taipei,2009,10.1093/glycob/cwi063,https://doi.org/10.1093/glycob/cwi063,2,https://2009.igem.org/Team:NYMU-Taipei/Project/Receptor/Sialic_Acid;http://2009.igem.org/Team:NYMU-Taipei/Project/Receptor/Sialic_Acid,https://2009.igem.org/Team:NYMU-Taipei,40,ok
igem_NYMU-Taipei_2009,195,NYMU-Taipei,2009,10.1111/j.1365-2249.2005.02934.x,https://doi.org/10.1111/j.1365-2249.2005.02934.x,2,https://2009.igem.org/Team:NYMU-Taipei/Project/Removal;http://2009.igem.org/Team:NYMU-Taipei/Project/Removal,https://2009.igem.org/Team:NYMU-Taipei,40,ok
igem_NYMU-Taipei_2009,195,NYMU-Taipei,2009,10.1186/1471-2148-9-118,https://doi.org/10.1186/1471-2148-9-118,2,https://2009.igem.org/Team:NYMU-Taipei/Project/Receptor/Sialic_Acid;http://2009.igem.org/Team:NYMU-Taipei/Project/Receptor/Sialic_Acid,https://2009.igem.org/Team:NYMU-Taipei,40,ok
igem_NYMU-Taipei_2009,195,NYMU-Taipei,2009,10.1186/1472-6882-8-1,https://doi.org/10.1186/1472-6882-8-1,2,https://2009.igem.org/Team:NYMU-Taipei/Project/Removal;http://2009.igem.org/Team:NYMU-Taipei/Project/Removal,https://2009.igem.org/Team:NYMU-Taipei,40,ok
igem_Newcastle_2009,174,Newcastle,2009,10.1002/bit.20916,https://doi.org/10.1002/bit.20916,1,https://2009.igem.org/Team:Newcastle/Stochasticity,https://2009.igem.org/Team:Newcastle,40,ok
igem_Paris_2009,257,Paris,2009,10.1007/s11693-009-9040-9,https://doi.org/10.1007/s11693-009-9040-9,1,https://2009.igem.org/Team:Paris/Ethics_Materials,https://2009.igem.org/Team:Paris,40,ok
igem_Paris_2009,257,Paris,2009,10.1038/35002131,https://doi.org/10.1038/35002131,1,https://2009.igem.org/Team:Paris/Ethics_Materials,https://2009.igem.org/Team:Paris,40,ok
igem_SDU-Denmark_2009,237,SDU-Denmark,2009,10.1086/520289,https://doi.org/10.1086/520289,2,https://2009.igem.org/Team:SDU-Denmark/Background;http://2009.igem.org/Team:SDU-Denmark/Background,https://2009.igem.org/Team:SDU-Denmark,22,ok
igem_Sheffield_2009,246,Sheffield,2009,10.1038/nature04405,https://doi.org/10.1038/nature04405,2,https://2009.igem.org/Team:Sheffield/Project;http://2009.igem.org/Team:Sheffield/Project,https://2009.igem.org/Team:Sheffield,12,ok
igem_TUDelft_2009,175,TUDelft,2009,10.1021/ar020219d,https://doi.org/10.1021/ar020219d,2,https://2009.igem.org/Team:TUDelft/Brainstorm;http://2009.igem.org/Team:TUDelft/Brainstorm,https://2009.igem.org/Team:TUDelft,40,ok
igem_TUDelft_2009,175,TUDelft,2009,10.1371/journal.pone.0002815,https://doi.org/10.1371/journal.pone.0002815,2,https://2009.igem.org/Team:TUDelft/Brainstorm;http://2009.igem.org/Team:TUDelft/Brainstorm,https://2009.igem.org/Team:TUDelft,40,ok
igem_Tsinghua_2009,189,Tsinghua,2009,10.1136/pgmj.2003.017764,https://doi.org/10.1136/pgmj.2003.017764,2,https://2009.igem.org/Team:Tsinghua/Background;http://2009.igem.org/Team:Tsinghua/Background,https://2009.igem.org/Team:Tsinghua,40,ok
igem_UAB-Barcelona_2009,248,UAB-Barcelona,2009,10.1016/j.biosystems.2005.04.006,https://doi.org/10.1016/j.biosystems.2005.04.006,4,https://2009.igem.org/Team:UAB-Barcelona/Modeling;https://2009.igem.org/Team:UAB-Barcelona/Modeling2;http://2009.igem.org/Team:UAB-Barcelona/Modeling;http://2009.igem.org/Team:UAB-Barcelona/Modeling2,https://2009.igem.org/Team:UAB-Barcelona,26,ok
igem_UAB-Barcelona_2009,248,UAB-Barcelona,2009,10.1016/j.jtbi.2009.03.021,https://doi.org/10.1016/j.jtbi.2009.03.021,2,https://2009.igem.org/Team:UAB-Barcelona/Modeling;http://2009.igem.org/Team:UAB-Barcelona/Modeling,https://2009.igem.org/Team:UAB-Barcelona,26,ok
igem_UCL_London_2009,239,UCL_London,2009,10.1371/journal.pgen.1000651,https://doi.org/10.1371/journal.pgen.1000651,2,https://2009.igem.org/Team:UCL_London/Project/References;http://2009.igem.org/Team:UCL_London/Project/References,https://2009.igem.org/Team:UCL_London,40,ok
igem_UCL_London_2009,239,UCL_London,2009,10.1371/journal.pone.0001573,https://doi.org/10.1371/journal.pone.0001573,2,https://2009.igem.org/Team:UCL_London/Project/References;http://2009.igem.org/Team:UCL_London/Project/References,https://2009.igem.org/Team:UCL_London,40,ok
igem_USTC_2009,176,USTC,2009,10.1038/nature08187,https://doi.org/10.1038/nature08187,2,https://2009.igem.org/Team:USTC/Project;http://2009.igem.org/Team:USTC/Project,https://2009.igem.org/Team:USTC,40,ok
igem_Uppsala-Sweden_2009,273,Uppsala-Sweden,2009,10.1016/s0167-4838(98)00077-6,https://doi.org/10.1016/s0167-4838(98)00077-6,2,https://2009.igem.org/Team:Uppsala-Sweden/Ethanol;http://2009.igem.org/Team:Uppsala-Sweden/Ethanol,https://2009.igem.org/Team:Uppsala-Sweden,28,ok
igem_Virginia_Commonwealth_2009,264,Virginia_Commonwealth,2009,10.1021/cb7002434,https://doi.org/10.1021/cb7002434,2,https://2009.igem.org/Team:Virginia_Commonwealth/Literature;http://2009.igem.org/Team:Virginia_Commonwealth/Literature,https://2009.igem.org/Team:Virginia_Commonwealth,38,ok
igem_Virginia_Commonwealth_2009,264,Virginia_Commonwealth,2009,10.1186/1754-1611-3-4,https://doi.org/10.1186/1754-1611-3-4,2,https://2009.igem.org/Team:Virginia_Commonwealth/Methods;http://2009.igem.org/Team:Virginia_Commonwealth/Methods,https://2009.igem.org/Team:Virginia_Commonwealth,38,ok
igem_Washington_2009,215,Washington,2009,10.1016/j.physletb.2003.10.071,https://doi.org/10.1016/j.physletb.2003.10.071,4,https://2009.igem.org/Team:Washington/Project/Display;https://2009.igem.org/Team:Washington/Bibliography;http://2009.igem.org/Team:Washington/Project/Display;http://2009.igem.org/Team:Washington/Bibliography,https://2009.igem.org/Team:Washington,20,ok
igem_Washington_2009,215,Washington,2009,10.1049/iet-stb:20070002,https://doi.org/10.1049/iet-stb:20070002,4,https://2009.igem.org/Team:Washington/Project/Display;https://2009.igem.org/Team:Washington/Bibliography;http://2009.igem.org/Team:Washington/Project/Display;http://2009.igem.org/Team:Washington/Bibliography,https://2009.igem.org/Team:Washington,20,ok
igem_Washington_2009,215,Washington,2009,10.1126/science.2911722,https://doi.org/10.1126/science.2911722,4,https://2009.igem.org/Team:Washington/Project/Display;https://2009.igem.org/Team:Washington/Bibliography;http://2009.igem.org/Team:Washington/Project/Display;http://2009.igem.org/Team:Washington/Bibliography,https://2009.igem.org/Team:Washington,20,ok
igem_BCCS-Bristol_2010,381,BCCS-Bristol,2010,10.1016/j.foodpol.2007.07.002,https://doi.org/10.1016/j.foodpol.2007.07.002,1,https://2010.igem.org/Team:BCCS-Bristol/Human_Practices/Marketing_Campaign/Public_Perception,https://2010.igem.org/Team:BCCS-Bristol,40,ok
igem_BCCS-Bristol_2010,381,BCCS-Bristol,2010,10.1016/j.tibtech.2004.01.007,https://doi.org/10.1016/j.tibtech.2004.01.007,1,https://2010.igem.org/Team:BCCS-Bristol/Human_Practices/Marketing_Campaign/Public_Perception,https://2010.igem.org/Team:BCCS-Bristol,40,ok
igem_Bielefeld-Germany_2010,389,Bielefeld-Germany,2010,10.1002/0471142727.mb0803s51/full,https://doi.org/10.1002/0471142727.mb0803s51/full,1,http://2010.igem.org/Team:Bielefeld-Germany/Project/Theory,https://2010.igem.org/Team:Bielefeld-Germany,40,ok
igem_Bielefeld-Germany_2010,389,Bielefeld-Germany,2010,10.1146/annurev.phyto.41.052002.095701,https://doi.org/10.1146/annurev.phyto.41.052002.095701,1,http://2010.igem.org/Team:Bielefeld-Germany/Project/Theory,https://2010.igem.org/Team:Bielefeld-Germany,40,ok
igem_Calgary_2010,339,Calgary,2010,10.1016/j.cell.2008.05.042,https://doi.org/10.1016/j.cell.2008.05.042,2,https://2010.igem.org/Team:Calgary/Project/Transcription;http://2010.igem.org/Team:Calgary/Project/Transcription,https://2010.igem.org/Team:Calgary,40,ok
igem_Calgary_2010,339,Calgary,2010,10.1093/molbev/msq102,https://doi.org/10.1093/molbev/msq102,2,https://2010.igem.org/Team:Calgary/Project/Transcription;http://2010.igem.org/Team:Calgary/Project/Transcription,https://2010.igem.org/Team:Calgary,40,ok
igem_Calgary_2010,339,Calgary,2010,10.1128/jb.188.10.3516-3524.2006,https://doi.org/10.1128/jb.188.10.3516-3524.2006,2,https://2010.igem.org/Team:Calgary/Project/Transcription;http://2010.igem.org/Team:Calgary/Project/Transcription,https://2010.igem.org/Team:Calgary,40,ok
igem_Calgary_2010,339,Calgary,2010,10.1515/bc.2003.152,https://doi.org/10.1515/bc.2003.152,2,https://2010.igem.org/Team:Calgary/Project/Transcription;http://2010.igem.org/Team:Calgary/Project/Transcription,https://2010.igem.org/Team:Calgary,40,ok
igem_Cambridge_2010,325,Cambridge,2010,10.1002/(sici)1099-1271(199807/08)13:4,https://doi.org/10.1002/(sici)1099-1271(199807/08)13:4,1,https://2010.igem.org/Team:Cambridge/Bioluminescence/Background,https://2010.igem.org/Team:Cambridge,40,ok
igem_Cambridge_2010,325,Cambridge,2010,10.1111/j.1574-6976.2008.00155.x/pdf,https://doi.org/10.1111/j.1574-6976.2008.00155.x/pdf,1,https://2010.igem.org/Team:Cambridge/Bioluminescence/Background,https://2010.igem.org/Team:Cambridge,40,ok
igem_Cambridge_2010,325,Cambridge,2010,10.1146/annurev.ge.28.120194.001001,https://doi.org/10.1146/annurev.ge.28.120194.001001,1,https://2010.igem.org/Team:Cambridge/Bioluminescence/Vibrio_Characterisation,https://2010.igem.org/Team:Cambridge,40,ok
igem_Cambridge_2010,325,Cambridge,2010,10.1146/annurev.mi.42.100188.001055,https://doi.org/10.1146/annurev.mi.42.100188.001055,2,https://2010.igem.org/Team:Cambridge/Bioluminescence/Bacterial_Codon_optimisation;https://2010.igem.org/Team:Cambridge/Bioluminescence/Vibrio_Characterisation,https://2010.igem.org/Team:Cambridge,40,ok
igem_Debrecen-Hungary_2010,364,Debrecen-Hungary,2010,10.1016/0012-1606(77)90158-0,https://doi.org/10.1016/0012-1606(77)90158-0,2,https://2010.igem.org/Team:Debrecen-Hungary/minimals;http://2010.igem.org/Team:Debrecen-Hungary/minimals,https://2010.igem.org/Team:Debrecen-Hungary,40,ok
igem_Debrecen-Hungary_2010,364,Debrecen-Hungary,2010,10.1016/0012-1606(79)90035-6,https://doi.org/10.1016/0012-1606(79)90035-6,2,https://2010.igem.org/Team:Debrecen-Hungary/minimals;http://2010.igem.org/Team:Debrecen-Hungary/minimals,https://2010.igem.org/Team:Debrecen-Hungary,40,ok
igem_Debrecen-Hungary_2010,364,Debrecen-Hungary,2010,10.1016/0092-8674(95)90199-x,https://doi.org/10.1016/0092-8674(95)90199-x,2,https://2010.igem.org/Team:Debrecen-Hungary/minimals;http://2010.igem.org/Team:Debrecen-Hungary/minimals,https://2010.igem.org/Team:Debrecen-Hungary,40,ok
igem_Debrecen-Hungary_2010,364,Debrecen-Hungary,2010,10.1016/s0092-8674(00)80726-6,https://doi.org/10.1016/s0092-8674(00)80726-6,2,https://2010.igem.org/Team:Debrecen-Hungary/minimals;http://2010.igem.org/Team:Debrecen-Hungary/minimals,https://2010.igem.org/Team:Debrecen-Hungary,40,ok
igem_Debrecen-Hungary_2010,364,Debrecen-Hungary,2010,10.1073/pnas.110149297,https://doi.org/10.1073/pnas.110149297,2,https://2010.igem.org/Team:Debrecen-Hungary/minimals;http://2010.igem.org/Team:Debrecen-Hungary/minimals,https://2010.igem.org/Team:Debrecen-Hungary,40,ok
igem_Debrecen-Hungary_2010,364,Debrecen-Hungary,2010,10.1073/pnas.2135381100,https://doi.org/10.1073/pnas.2135381100,2,https://2010.igem.org/Team:Debrecen-Hungary/minimals;http://2010.igem.org/Team:Debrecen-Hungary/minimals,https://2010.igem.org/Team:Debrecen-Hungary,40,ok
igem_Debrecen-Hungary_2010,364,Debrecen-Hungary,2010,10.1074/jbc.r100047200,https://doi.org/10.1074/jbc.r100047200,2,https://2010.igem.org/Team:Debrecen-Hungary/minimals;http://2010.igem.org/Team:Debrecen-Hungary/minimals,https://2010.igem.org/Team:Debrecen-Hungary,40,ok
igem_Debrecen-Hungary_2010,364,Debrecen-Hungary,2010,10.1124/pr.58.4.8,https://doi.org/10.1124/pr.58.4.8,2,https://2010.igem.org/Team:Debrecen-Hungary/favorite;http://2010.igem.org/Team:Debrecen-Hungary/favorite,https://2010.igem.org/Team:Debrecen-Hungary,40,ok
igem_Debrecen-Hungary_2010,364,Debrecen-Hungary,2010,10.1126/science.3283939,https://doi.org/10.1126/science.3283939,2,https://2010.igem.org/Team:Debrecen-Hungary/minimals;http://2010.igem.org/Team:Debrecen-Hungary/minimals,https://2010.igem.org/Team:Debrecen-Hungary,40,ok
igem_Debrecen-Hungary_2010,364,Debrecen-Hungary,2010,10.1172/jci3703,https://doi.org/10.1172/jci3703,2,https://2010.igem.org/Team:Debrecen-Hungary/favorite;http://2010.igem.org/Team:Debrecen-Hungary/favorite,https://2010.igem.org/Team:Debrecen-Hungary,40,ok
igem_Debrecen-Hungary_2010,364,Debrecen-Hungary,2010,10.1210/me.2002-0384,https://doi.org/10.1210/me.2002-0384,2,https://2010.igem.org/Team:Debrecen-Hungary/minimals;http://2010.igem.org/Team:Debrecen-Hungary/minimals,https://2010.igem.org/Team:Debrecen-Hungary,40,ok
igem_Debrecen-Hungary_2010,364,Debrecen-Hungary,2010,10.1210/me.2004-0390,https://doi.org/10.1210/me.2004-0390,2,https://2010.igem.org/Team:Debrecen-Hungary/favorite;http://2010.igem.org/Team:Debrecen-Hungary/favorite,https://2010.igem.org/Team:Debrecen-Hungary,40,ok
igem_Debrecen-Hungary_2010,364,Debrecen-Hungary,2010,10.1677/jme.0.0190207,https://doi.org/10.1677/jme.0.0190207,2,https://2010.igem.org/Team:Debrecen-Hungary/minimals;http://2010.igem.org/Team:Debrecen-Hungary/minimals,https://2010.igem.org/Team:Debrecen-Hungary,40,ok
igem_Debrecen-Hungary_2010,364,Debrecen-Hungary,2010,10.2174/1568010042634541,https://doi.org/10.2174/1568010042634541,2,https://2010.igem.org/Team:Debrecen-Hungary/minimals;http://2010.igem.org/Team:Debrecen-Hungary/minimals,https://2010.igem.org/Team:Debrecen-Hungary,40,ok
igem_ETHZ_Basel_2010,422,ETHZ_Basel,2010,10.1111/j.1365-2958.2004.04367.x/full,https://doi.org/10.1111/j.1365-2958.2004.04367.x/full,2,https://2010.igem.org/Team:ETHZ_Basel/Biology/Molecular_Mechanism;http://2010.igem.org/Team:ETHZ_Basel/Biology/Molecular_Mechanism,https://2010.igem.org/Team:ETHZ_Basel,40,ok
igem_ETHZ_Basel_2010,422,ETHZ_Basel,2010,10.1111/j.1439-0310.1995.tb00900.x/abstract,https://doi.org/10.1111/j.1439-0310.1995.tb00900.x/abstract,2,https://2010.igem.org/Team:ETHZ_Basel/Introduction/Motivation;http://2010.igem.org/Team:ETHZ_Basel/Introduction/Motivation,https://2010.igem.org/Team:ETHZ_Basel,40,ok
igem_ETHZ_Basel_2010,422,ETHZ_Basel,2010,10.1111/j.1751-7915.2007.00001.x/full,https://doi.org/10.1111/j.1751-7915.2007.00001.x/full,2,https://2010.igem.org/Team:ETHZ_Basel/Biology/Molecular_Mechanism;http://2010.igem.org/Team:ETHZ_Basel/Biology/Molecular_Mechanism,https://2010.igem.org/Team:ETHZ_Basel,40,ok
igem_ETHZ_Basel_2010,422,ETHZ_Basel,2010,10.1371/journal.pbio.0020049,https://doi.org/10.1371/journal.pbio.0020049,1,https://2010.igem.org/Team:ETHZ_Basel/Modeling/Chemotaxis,https://2010.igem.org/Team:ETHZ_Basel,40,ok
igem_Freiburg_Bioware_2010,404,Freiburg_Bioware,2010,10.1002/bit.20096,https://doi.org/10.1002/bit.20096,2,https://2010.igem.org/Team:Freiburg_Bioware/Modeling;http://2010.igem.org/Team:Freiburg_Bioware/Modeling,https://2010.igem.org/Team:Freiburg_Bioware,40,ok
igem_Freiburg_Bioware_2010,404,Freiburg_Bioware,2010,10.1006/bulm.2001.0245,https://doi.org/10.1006/bulm.2001.0245,2,https://2010.igem.org/Team:Freiburg_Bioware/Modeling;http://2010.igem.org/Team:Freiburg_Bioware/Modeling,https://2010.igem.org/Team:Freiburg_Bioware,40,ok
igem_Freiburg_Bioware_2010,404,Freiburg_Bioware,2010,10.1007/s00285-002-0191-5,https://doi.org/10.1007/s00285-002-0191-5,2,https://2010.igem.org/Team:Freiburg_Bioware/Modeling;http://2010.igem.org/Team:Freiburg_Bioware/Modeling,https://2010.igem.org/Team:Freiburg_Bioware,40,ok
igem_Freiburg_Bioware_2010,404,Freiburg_Bioware,2010,10.1007/s00285-004-0310-6,https://doi.org/10.1007/s00285-004-0310-6,2,https://2010.igem.org/Team:Freiburg_Bioware/Modeling;http://2010.igem.org/Team:Freiburg_Bioware/Modeling,https://2010.igem.org/Team:Freiburg_Bioware,40,ok
igem_Freiburg_Bioware_2010,404,Freiburg_Bioware,2010,10.1016/j.bulm.2003.08.016,https://doi.org/10.1016/j.bulm.2003.08.016,2,https://2010.igem.org/Team:Freiburg_Bioware/Modeling;http://2010.igem.org/Team:Freiburg_Bioware/Modeling,https://2010.igem.org/Team:Freiburg_Bioware,40,ok
igem_Freiburg_Bioware_2010,404,Freiburg_Bioware,2010,10.1016/j.jtbi.2010.01.009,https://doi.org/10.1016/j.jtbi.2010.01.009,2,https://2010.igem.org/Team:Freiburg_Bioware/Modeling;http://2010.igem.org/Team:Freiburg_Bioware/Modeling,https://2010.igem.org/Team:Freiburg_Bioware,40,ok
igem_Freiburg_Bioware_2010,404,Freiburg_Bioware,2010,10.1016/s0006-3495(02)75245-4,https://doi.org/10.1016/s0006-3495(02)75245-4,2,https://2010.igem.org/Team:Freiburg_Bioware/Modeling;http://2010.igem.org/Team:Freiburg_Bioware/Modeling,https://2010.igem.org/Team:Freiburg_Bioware,40,ok
igem_Freiburg_Bioware_2010,404,Freiburg_Bioware,2010,10.1038/nrmicro1645,https://doi.org/10.1038/nrmicro1645,2,https://2010.igem.org/Team:Freiburg_Bioware/Modeling;http://2010.igem.org/Team:Freiburg_Bioware/Modeling,https://2010.igem.org/Team:Freiburg_Bioware,40,ok
igem_Freiburg_Bioware_2010,404,Freiburg_Bioware,2010,10.1088/0953-8984/22/10/104101,https://doi.org/10.1088/0953-8984/22/10/104101,2,https://2010.igem.org/Team:Freiburg_Bioware/Modeling;http://2010.igem.org/Team:Freiburg_Bioware/Modeling,https://2010.igem.org/Team:Freiburg_Bioware,40,ok
igem_Freiburg_Bioware_2010,404,Freiburg_Bioware,2010,10.1186/1742-4682-1-11,https://doi.org/10.1186/1742-4682-1-11,2,https://2010.igem.org/Team:Freiburg_Bioware/Modeling;http://2010.igem.org/Team:Freiburg_Bioware/Modeling,https://2010.igem.org/Team:Freiburg_Bioware,40,ok
igem_Freiburg_Bioware_2010,404,Freiburg_Bioware,2010,10.1186/1745-6150-1-6,https://doi.org/10.1186/1745-6150-1-6,2,https://2010.igem.org/Team:Freiburg_Bioware/Modeling;http://2010.igem.org/Team:Freiburg_Bioware/Modeling,https://2010.igem.org/Team:Freiburg_Bioware,40,ok
igem_Freiburg_Bioware_2010,404,Freiburg_Bioware,2010,10.1529/biophysj.107.107284,https://doi.org/10.1529/biophysj.107.107284,2,https://2010.igem.org/Team:Freiburg_Bioware/Modeling;http://2010.igem.org/Team:Freiburg_Bioware/Modeling,https://2010.igem.org/Team:Freiburg_Bioware,40,ok
igem_Harvard_2010,382,Harvard,2010,10.1016/j.copbio.2009.03.005,https://doi.org/10.1016/j.copbio.2009.03.005,1,https://2010.igem.org/Team:Harvard/allergy/references,https://2010.igem.org/Team:Harvard,40,ok
igem_Harvard_2010,382,Harvard,2010,10.1016/j.jaci.2004.10.014,https://doi.org/10.1016/j.jaci.2004.10.014,1,https://2010.igem.org/Team:Harvard/allergy/references,https://2010.igem.org/Team:Harvard,40,ok
igem_Harvard_2010,382,Harvard,2010,10.1016/j.jaci.2006.05.014,https://doi.org/10.1016/j.jaci.2006.05.014,1,https://2010.igem.org/Team:Harvard/allergy/references,https://2010.igem.org/Team:Harvard,40,ok
igem_Harvard_2010,382,Harvard,2010,10.1016/j.jaci.2006.06.031,https://doi.org/10.1016/j.jaci.2006.06.031,1,https://2010.igem.org/Team:Harvard/allergy/references,https://2010.igem.org/Team:Harvard,40,ok
igem_Harvard_2010,382,Harvard,2010,10.1016/j.molimm.2006.06.004,https://doi.org/10.1016/j.molimm.2006.06.004,1,https://2010.igem.org/Team:Harvard/allergy/references,https://2010.igem.org/Team:Harvard,40,ok
igem_Harvard_2010,382,Harvard,2010,10.1016/j.tplants.2008.04.004,https://doi.org/10.1016/j.tplants.2008.04.004,1,https://2010.igem.org/Team:Harvard/allergy/references,https://2010.igem.org/Team:Harvard,40,ok
igem_Harvard_2010,382,Harvard,2010,10.1016/j.ymeth.2003.08.011,https://doi.org/10.1016/j.ymeth.2003.08.011,1,https://2010.igem.org/Team:Harvard/allergy/references,https://2010.igem.org/Team:Harvard,40,ok
igem_Harvard_2010,382,Harvard,2010,10.1067/mai.2000.106929,https://doi.org/10.1067/mai.2000.106929,1,https://2010.igem.org/Team:Harvard/allergy/references,https://2010.igem.org/Team:Harvard,40,ok
igem_Harvard_2010,382,Harvard,2010,10.1104/pp.103.021865,https://doi.org/10.1104/pp.103.021865,1,https://2010.igem.org/Team:Harvard/allergy/references,https://2010.igem.org/Team:Harvard,40,ok
igem_Harvard_2010,382,Harvard,2010,10.1105/tpc.105.039834,https://doi.org/10.1105/tpc.105.039834,1,https://2010.igem.org/Team:Harvard/allergy/references,https://2010.igem.org/Team:Harvard,40,ok
igem_Harvard_2010,382,Harvard,2010,10.1111/j.1365-2222.2004.02018.x,https://doi.org/10.1111/j.1365-2222.2004.02018.x,1,https://2010.igem.org/Team:Harvard/allergy/references,https://2010.igem.org/Team:Harvard,40,ok
igem_Harvard_2010,382,Harvard,2010,10.1111/j.1365-2222.2006.02453.x,https://doi.org/10.1111/j.1365-2222.2006.02453.x,1,https://2010.igem.org/Team:Harvard/allergy/references,https://2010.igem.org/Team:Harvard,40,ok
igem_Harvard_2010,382,Harvard,2010,10.1111/j.1398-9995.2004.00585.x,https://doi.org/10.1111/j.1398-9995.2004.00585.x,1,https://2010.igem.org/Team:Harvard/allergy/references,https://2010.igem.org/Team:Harvard,40,ok
igem_Harvard_2010,382,Harvard,2010,10.1111/j.1467-7652.2007.00292.x,https://doi.org/10.1111/j.1467-7652.2007.00292.x,1,https://2010.igem.org/Team:Harvard/allergy/references,https://2010.igem.org/Team:Harvard,40,ok
igem_Harvard_2010,382,Harvard,2010,10.1159/000070923,https://doi.org/10.1159/000070923,1,https://2010.igem.org/Team:Harvard/allergy/references,https://2010.igem.org/Team:Harvard,40,ok
igem_IIT_Madras_2010,372,IIT_Madras,2010,10.1007/s00253-006-0410-x,https://doi.org/10.1007/s00253-006-0410-x,2,https://2010.igem.org/Team:IIT_Madras/Project/References;http://2010.igem.org/Team:IIT_Madras/Project/References,https://2010.igem.org/Team:IIT_Madras,20,ok
igem_IIT_Madras_2010,372,IIT_Madras,2010,10.1046/j.1365-2958.1999.01326.x,https://doi.org/10.1046/j.1365-2958.1999.01326.x,2,https://2010.igem.org/Team:IIT_Madras/Project/References;http://2010.igem.org/Team:IIT_Madras/Project/References,https://2010.igem.org/Team:IIT_Madras,20,ok
igem_Imperial_College_London_2010,316,Imperial_College_London,2010,10.1021/ja9050857,https://doi.org/10.1021/ja9050857,1,https://2010.igem.org/Team:Imperial_College_London/Brainstorming,https://2010.igem.org/Team:Imperial_College_London,40,ok
igem_Imperial_College_London_2010,316,Imperial_College_London,2010,10.1111/j.1574-6968.2006.00584.x/full,https://doi.org/10.1111/j.1574-6968.2006.00584.x/full,1,https://2010.igem.org/Team:Imperial_College_London/Modules/Signaling,https://2010.igem.org/Team:Imperial_College_London,40,ok
igem_Imperial_College_London_2010,316,Imperial_College_London,2010,10.1128/aem.72.4.2520-2525.2006,https://doi.org/10.1128/aem.72.4.2520-2525.2006,2,https://2010.igem.org/Team:Imperial_College_London/Chassis;http://2010.igem.org/Team:Imperial_College_London/Chassis,https://2010.igem.org/Team:Imperial_College_London,40,ok
igem_Imperial_College_London_2010,316,Imperial_College_London,2010,10.1128/jb.183.3.1058-1068.2001,https://doi.org/10.1128/jb.183.3.1058-1068.2001,2,https://2010.igem.org/Team:Imperial_College_London/Chassis;http://2010.igem.org/Team:Imperial_College_London/Chassis,https://2010.igem.org/Team:Imperial_College_London,40,ok
igem_Johns_Hopkins_2010,363,Johns_Hopkins,2010,10.1529/biophysj.105.066712,https://doi.org/10.1529/biophysj.105.066712,2,https://2010.igem.org/Team:Johns_Hopkins/Modeling;http://2010.igem.org/Team:Johns_Hopkins/Modeling,https://2010.igem.org/Team:Johns_Hopkins,10,ok
igem_Mexico-UNAM-CINVESTAV_2010,328,Mexico-UNAM-CINVESTAV,2010,10.1002/(sici)1521-1878(199801)20:1,https://doi.org/10.1002/(sici)1521-1878(199801)20:1,5,https://2010.igem.org/Team:Mexico-UNAM-CINVESTAV/Project/Cold shock response;https://2010.igem.org/Team:Mexico-UNAM-CINVESTAV/Modeling/Theory;https://2010.igem.org/Team:Mexico-UNAM-CINVESTAV/Project/Cold_shock_response;http://2010.igem.org/Team:Mexico-UNAM-CINVESTAV/Project/Cold_shock_response;http://2010.igem.org/Team:Mexico-UNAM-CINVESTAV/Modeling/Theory,https://2010.igem.org/Team:Mexico-UNAM-CINVESTAV,40,ok
igem_Mexico-UNAM-CINVESTAV_2010,328,Mexico-UNAM-CINVESTAV,2010,10.1002/9783527619627.ch11,https://doi.org/10.1002/9783527619627.ch11,2,https://2010.igem.org/Team:Mexico-UNAM-CINVESTAV/begin;http://2010.igem.org/Team:Mexico-UNAM-CINVESTAV/begin,https://2010.igem.org/Team:Mexico-UNAM-CINVESTAV,40,ok
igem_Mexico-UNAM-CINVESTAV_2010,328,Mexico-UNAM-CINVESTAV,2010,10.1016/s1478-5382(03)02370-9,https://doi.org/10.1016/s1478-5382(03)02370-9,4,https://2010.igem.org/Team:Mexico-UNAM-CINVESTAV/Modeling/Theory;https://2010.igem.org/Team:Mexico-UNAM-CINVESTAV/Modeling/Simulations;http://2010.igem.org/Team:Mexico-UNAM-CINVESTAV/Modeling/Theory;http://2010.igem.org/Team:Mexico-UNAM-CINVESTAV/Modeling/Simulations,https://2010.igem.org/Team:Mexico-UNAM-CINVESTAV,40,ok
igem_Mexico-UNAM-CINVESTAV_2010,328,Mexico-UNAM-CINVESTAV,2010,10.1109/jproc.2008.925458,https://doi.org/10.1109/jproc.2008.925458,4,https://2010.igem.org/Team:Mexico-UNAM-CINVESTAV/Modeling/Theory;https://2010.igem.org/Team:Mexico-UNAM-CINVESTAV/Modeling/Simulations;http://2010.igem.org/Team:Mexico-UNAM-CINVESTAV/Modeling/Theory;http://2010.igem.org/Team:Mexico-UNAM-CINVESTAV/Modeling/Simulations,https://2010.igem.org/Team:Mexico-UNAM-CINVESTAV,40,ok
igem_Michigan_2010,377,Michigan,2010,10.1002/jctb.2122,https://doi.org/10.1002/jctb.2122,2,https://2010.igem.org/Team:Michigan/Project;http://2010.igem.org/Team:Michigan/Project,https://2010.igem.org/Team:Michigan,32,ok
igem_Michigan_2010,377,Michigan,2010,10.1128/jb.00014-07,https://doi.org/10.1128/jb.00014-07,2,https://2010.igem.org/Team:Michigan/Modeling;http://2010.igem.org/Team:Michigan/Modeling,https://2010.igem.org/Team:Michigan,32,ok
igem_Newcastle_2010,302,Newcastle,2010,10.1038/nature08962,https://doi.org/10.1038/nature08962,2,https://2010.igem.org/Team:Newcastle/Spider_silk;http://2010.igem.org/Team:Newcastle/Spider_silk,https://2010.igem.org/Team:Newcastle,40,ok
igem_Newcastle_2010,302,Newcastle,2010,10.1371/journal.pone.0009850,https://doi.org/10.1371/journal.pone.0009850,2,https://2010.igem.org/Team:Newcastle/Initial_filamentous;http://2010.igem.org/Team:Newcastle/Initial_filamentous,https://2010.igem.org/Team:Newcastle,40,ok
igem_Northwestern_2010,418,Northwestern,2010,10.1002/bit.260330108,https://doi.org/10.1002/bit.260330108,1,https://2010.igem.org/Team:Northwestern/Project/Modeling,https://2010.igem.org/Team:Northwestern,40,ok
igem_Northwestern_2010,418,Northwestern,2010,10.1002/bit.260330108/pdf,https://doi.org/10.1002/bit.260330108/pdf,1,https://2010.igem.org/Team:Northwestern/Project/Modeling,https://2010.igem.org/Team:Northwestern,40,ok
igem_Northwestern_2010,418,Northwestern,2010,10.1002/bit.260390608,https://doi.org/10.1002/bit.260390608,1,https://2010.igem.org/Team:Northwestern/Project/Modeling,https://2010.igem.org/Team:Northwestern,40,ok
igem_Northwestern_2010,418,Northwestern,2010,10.1002/bit.260390608/pdf,https://doi.org/10.1002/bit.260390608/pdf,1,https://2010.igem.org/Team:Northwestern/Project/Modeling,https://2010.igem.org/Team:Northwestern,40,ok
igem_Northwestern_2010,418,Northwestern,2010,10.1101/pdb.prot445,https://doi.org/10.1101/pdb.prot445,1,https://2010.igem.org/Team:Northwestern/Protocol/Glycerol_Stocks,https://2010.igem.org/Team:Northwestern,40,ok
igem_Purdue_2010,334,Purdue,2010,10.1016/j.copbio.2005.02.001,https://doi.org/10.1016/j.copbio.2005.02.001,2,https://2010.igem.org/Team:Purdue/Oxygen_Sequestration_Brainstorming_%26_Thoughts;http://2010.igem.org/Team:Purdue/Oxygen_Sequestration_Brainstorming_%26_Thoughts,https://2010.igem.org/Team:Purdue,32,ok
igem_Purdue_2010,334,Purdue,2010,10.1146/annurev.arplant.043008.091948,https://doi.org/10.1146/annurev.arplant.043008.091948,2,https://2010.igem.org/Team:Purdue/Oxygen_Sequestration_Brainstorming_%26_Thoughts;http://2010.igem.org/Team:Purdue/Oxygen_Sequestration_Brainstorming_%26_Thoughts,https://2010.igem.org/Team:Purdue,32,ok
igem_SDU-Denmark_2010,343,SDU-Denmark,2010,10.1002/smll.200700641/abstract,https://doi.org/10.1002/smll.200700641/abstract,2,https://2010.igem.org/Team:SDU-Denmark/project-i;http://2010.igem.org/Team:SDU-Denmark/project-i,https://2010.igem.org/Team:SDU-Denmark,40,ok
igem_SDU-Denmark_2010,343,SDU-Denmark,2010,10.1063/1.2402221,https://doi.org/10.1063/1.2402221,2,https://2010.igem.org/Team:SDU-Denmark/project-i;http://2010.igem.org/Team:SDU-Denmark/project-i,https://2010.igem.org/Team:SDU-Denmark,40,ok
igem_SDU-Denmark_2010,343,SDU-Denmark,2010,10.1063/1.2752721,https://doi.org/10.1063/1.2752721,2,https://2010.igem.org/Team:SDU-Denmark/project-i;http://2010.igem.org/Team:SDU-Denmark/project-i,https://2010.igem.org/Team:SDU-Denmark,40,ok
igem_SDU-Denmark_2010,343,SDU-Denmark,2010,10.1073/pnas.1000935107,https://doi.org/10.1073/pnas.1000935107,2,https://2010.igem.org/Team:SDU-Denmark/project-t;http://2010.igem.org/Team:SDU-Denmark/project-t,https://2010.igem.org/Team:SDU-Denmark,40,ok
igem_SDU-Denmark_2010,343,SDU-Denmark,2010,10.1146/annurev-arplant-042809-112259,https://doi.org/10.1146/annurev-arplant-042809-112259,2,https://2010.igem.org/Team:SDU-Denmark/project-t;http://2010.igem.org/Team:SDU-Denmark/project-t,https://2010.igem.org/Team:SDU-Denmark,40,ok
igem_SDU-Denmark_2010,343,SDU-Denmark,2010,10.1146/annurev.bi.51.070182.003103,https://doi.org/10.1146/annurev.bi.51.070182.003103,2,https://2010.igem.org/Team:SDU-Denmark/project-t;http://2010.igem.org/Team:SDU-Denmark/project-t,https://2010.igem.org/Team:SDU-Denmark,40,ok
igem_SDU-Denmark_2010,343,SDU-Denmark,2010,10.1146/annurev.biochem.72.121801.161737,https://doi.org/10.1146/annurev.biochem.72.121801.161737,6,https://2010.igem.org/Team:SDU-Denmark/project-i;https://2010.igem.org/Team:SDU-Denmark/project-t;https://2010.igem.org/Team:SDU-Denmark/project-m;http://2010.igem.org/Team:SDU-Denmark/project-i;http://2010.igem.org/Team:SDU-Denmark/project-t,https://2010.igem.org/Team:SDU-Denmark,40,ok
igem_SDU-Denmark_2010,343,SDU-Denmark,2010,10.1146/annurev.micro.57.030502.090832,https://doi.org/10.1146/annurev.micro.57.030502.090832,2,https://2010.igem.org/Team:SDU-Denmark/project-t;http://2010.igem.org/Team:SDU-Denmark/project-t,https://2010.igem.org/Team:SDU-Denmark,40,ok
igem_SDU-Denmark_2010,343,SDU-Denmark,2010,10.1371/journal.pone.0011257,https://doi.org/10.1371/journal.pone.0011257,2,https://2010.igem.org/Team:SDU-Denmark/project-t;http://2010.igem.org/Team:SDU-Denmark/project-t,https://2010.igem.org/Team:SDU-Denmark,40,ok
igem_Stockholm_2010,380,Stockholm,2010,10.1038/nrm2917,https://doi.org/10.1038/nrm2917,2,https://2010.igem.org/Team:Stockholm/Modelling/model_discuss;http://2010.igem.org/Team:Stockholm/Modelling/model_discuss,https://2010.igem.org/Team:Stockholm,24,ok
igem_Stockholm_2010,380,Stockholm,2010,10.1126/science.1184939,https://doi.org/10.1126/science.1184939,2,https://2010.igem.org/Team:Stockholm/Modelling/model_discuss;http://2010.igem.org/Team:Stockholm/Modelling/model_discuss,https://2010.igem.org/Team:Stockholm,24,ok
igem_Stockholm_2010,380,Stockholm,2010,10.1186/1752-0509-3-60,https://doi.org/10.1186/1752-0509-3-60,2,https://2010.igem.org/Team:Stockholm/Modelling/model_discuss;http://2010.igem.org/Team:Stockholm/Modelling/model_discuss,https://2010.igem.org/Team:Stockholm,24,ok
igem_Stockholm_2010,380,Stockholm,2010,10.1186/1752-0509-4-71,https://doi.org/10.1186/1752-0509-4-71,2,https://2010.igem.org/Team:Stockholm/Modelling/model_discuss;http://2010.igem.org/Team:Stockholm/Modelling/model_discuss,https://2010.igem.org/Team:Stockholm,24,ok
igem_TU_Delft_2010,398,TU_Delft,2010,10.1038/msb.2010.10,https://doi.org/10.1038/msb.2010.10,2,https://2010.igem.org/Team:TU_Delft/Project/references;https://2010.igem.org/Team:TU_Delft/Project/sensing/parts,https://2010.igem.org/Team:TU_Delft,40,ok
igem_TU_Delft_2010,398,TU_Delft,2010,10.1093/nar/gkp825,https://doi.org/10.1093/nar/gkp825,1,https://2010.igem.org/Team:TU_Delft/Modeling/HC_regulation,https://2010.igem.org/Team:TU_Delft,40,ok
igem_TU_Delft_2010,398,TU_Delft,2010,10.1186/1752-0509-1-42,https://doi.org/10.1186/1752-0509-1-42,2,https://2010.igem.org/Team:TU_Delft/Project/references;https://2010.igem.org/Team:TU_Delft/Project/sensing/parts,https://2010.igem.org/Team:TU_Delft,40,ok
igem_UCSF_2010,321,UCSF,2010,10.1016/j.bbamcr.2008.10.016,https://doi.org/10.1016/j.bbamcr.2008.10.016,2,https://2010.igem.org/Team:UCSF/Project/Arsenal;http://2010.igem.org/Team:UCSF/Project/Arsenal,https://2010.igem.org/Team:UCSF,26,ok
igem_UNAM-Genomics_Mexico_2010,360,UNAM-Genomics_Mexico,2010,10.1016/j.ab.2005.07.015,https://doi.org/10.1016/j.ab.2005.07.015,2,https://2010.igem.org/Team:UNAM-Genomics_Mexico/Project;http://2010.igem.org/Team:UNAM-Genomics_Mexico/Project,https://2010.igem.org/Team:UNAM-Genomics_Mexico,21,ok
igem_UNAM-Genomics_Mexico_2010,360,UNAM-Genomics_Mexico,2010,10.1038/438442a,https://doi.org/10.1038/438442a,2,https://2010.igem.org/Team:UNAM-Genomics_Mexico/Project;http://2010.igem.org/Team:UNAM-Genomics_Mexico/Project,https://2010.igem.org/Team:UNAM-Genomics_Mexico,21,ok
igem_UNIPV-Pavia_2010,300,UNIPV-Pavia,2010,10.1038/msb4100073,https://doi.org/10.1038/msb4100073,2,https://2010.igem.org/Team:UNIPV-Pavia/Project/references;http://2010.igem.org/Team:UNIPV-Pavia/Project/references,https://2010.igem.org/Team:UNIPV-Pavia,40,ok
igem_UNIPV-Pavia_2010,300,UNIPV-Pavia,2010,10.1111/j.1751-7915.2010.00170.x,https://doi.org/10.1111/j.1751-7915.2010.00170.x,2,https://2010.igem.org/Team:UNIPV-Pavia/Project/references;http://2010.igem.org/Team:UNIPV-Pavia/Project/references,https://2010.igem.org/Team:UNIPV-Pavia,40,ok
igem_UTDallas_2010,412,UTDallas,2010,10.1038/scientificamerican0710-16,https://doi.org/10.1038/scientificamerican0710-16,2,https://2010.igem.org/Team:UTDallas/Background_References;http://2010.igem.org/Team:UTDallas/Background_References,https://2010.igem.org/Team:UTDallas,26,ok
igem_Valencia_2010,401,Valencia,2010,10.1101/cshperspect.a003509,https://doi.org/10.1101/cshperspect.a003509,2,https://2010.igem.org/Team:Valencia/Terraforming;http://2010.igem.org/Team:Valencia/Terraforming,https://2010.igem.org/Team:Valencia,38,ok
igem_Warsaw_2010,299,Warsaw,2010,10.1101/cshperspect.a000331(2009,https://doi.org/10.1101/cshperspect.a000331(2009,2,https://2010.igem.org/Team:Warsaw/Stage2/Background;http://2010.igem.org/Team:Warsaw/Stage2/Background,https://2010.igem.org/Team:Warsaw,40,ok
igem_Waterloo_2010,359,Waterloo,2010,10.1371/journal.pbio.0050058,https://doi.org/10.1371/journal.pbio.0050058,2,https://2010.igem.org/Team:Waterloo;http://2010.igem.org/Team:Waterloo,https://2010.igem.org/Team:Waterloo,2,ok
igem_uOttawa_2010,319,uOttawa,2010,10.1038/nature04473,https://doi.org/10.1038/nature04473,2,https://2010.igem.org/Team:uOttawa/Project;http://2010.igem.org/Team:uOttawa/Project,https://2010.igem.org/Team:uOttawa,8,ok
igem_Alberta_2011,612,Alberta,2011,10.1073/pnas.0906810106,https://doi.org/10.1073/pnas.0906810106,1,https://2011.igem.org/Team:Alberta/Growth,https://2011.igem.org/Team:Alberta,40,ok
igem_Amsterdam_2011,538,Amsterdam,2011,10.1002/1521-3773,https://doi.org/10.1002/1521-3773,2,https://2011.igem.org/Team:Amsterdam/Biobricks/Basic_Parts;http://2011.igem.org/Team:Amsterdam/Biobricks/Basic_Parts,https://2011.igem.org/Team:Amsterdam,40,ok
igem_Amsterdam_2011,538,Amsterdam,2011,10.1002/pmic.200500031/abstract,https://doi.org/10.1002/pmic.200500031/abstract,2,https://2011.igem.org/Team:Amsterdam/Biobricks/Basic_Parts;http://2011.igem.org/Team:Amsterdam/Biobricks/Basic_Parts,https://2011.igem.org/Team:Amsterdam,40,ok
igem_Amsterdam_2011,538,Amsterdam,2011,10.1046/j.1365-2958.2001.02372.x/pdf,https://doi.org/10.1046/j.1365-2958.2001.02372.x/pdf,2,https://2011.igem.org/Team:Amsterdam/Biobricks/Basic_Parts;http://2011.igem.org/Team:Amsterdam/Biobricks/Basic_Parts,https://2011.igem.org/Team:Amsterdam,40,ok
igem_Amsterdam_2011,538,Amsterdam,2011,10.1111/j.1365-2958.1994.tb00359.x/pdf,https://doi.org/10.1111/j.1365-2958.1994.tb00359.x/pdf,2,https://2011.igem.org/Team:Amsterdam/Biobricks/Basic_Parts;http://2011.igem.org/Team:Amsterdam/Biobricks/Basic_Parts,https://2011.igem.org/Team:Amsterdam,40,ok
igem_Amsterdam_2011,538,Amsterdam,2011,10.1111/j.1365-2958.1995.tb02431.x/abstract,https://doi.org/10.1111/j.1365-2958.1995.tb02431.x/abstract,2,https://2011.igem.org/Team:Amsterdam/Biobricks/Basic_Parts;http://2011.igem.org/Team:Amsterdam/Biobricks/Basic_Parts,https://2011.igem.org/Team:Amsterdam,40,ok
igem_BYU_Provo_2011,619,BYU_Provo,2011,10.1146/annurev.biochem.77.061606.161055,https://doi.org/10.1146/annurev.biochem.77.061606.161055,1,https://2011.igem.org/Team:BYU_Provo/Team_OxyR/The_Beginning,https://2011.igem.org/Team:BYU_Provo,40,ok
igem_Bielefeld-Germany_2011,525,Bielefeld-Germany,2011,10.1002/3527600035.bpol7011/abstract,https://doi.org/10.1002/3527600035.bpol7011/abstract,1,https://2011.igem.org/Team:Bielefeld-Germany/Project/Background/S-Layer,https://2011.igem.org/Team:Bielefeld-Germany,40,ok
igem_Bielefeld-Germany_2011,525,Bielefeld-Germany,2011,10.1002/jcp.22419/full,https://doi.org/10.1002/jcp.22419/full,1,https://2011.igem.org/Team:Bielefeld-Germany/Project/Background/NAD,https://2011.igem.org/Team:Bielefeld-Germany,40,ok
igem_Bielefeld-Germany_2011,525,Bielefeld-Germany,2011,10.1002/smll.200500147/abstract,https://doi.org/10.1002/smll.200500147/abstract,1,https://2011.igem.org/Team:Bielefeld-Germany/Project/Background/S-Layer,https://2011.igem.org/Team:Bielefeld-Germany,40,ok
igem_Bielefeld-Germany_2011,525,Bielefeld-Germany,2011,10.1002/smll.200700200/abstract,https://doi.org/10.1002/smll.200700200/abstract,1,https://2011.igem.org/Team:Bielefeld-Germany/Project/Background/S-Layer,https://2011.igem.org/Team:Bielefeld-Germany,40,ok
igem_Bielefeld-Germany_2011,525,Bielefeld-Germany,2011,10.1002/smll.200700200/pdf,https://doi.org/10.1002/smll.200700200/pdf,2,https://2011.igem.org/Team:Bielefeld-Germany/Project;https://2011.igem.org/Team:Bielefeld-Germany/Project/Description,https://2011.igem.org/Team:Bielefeld-Germany,40,ok
igem_Bielefeld-Germany_2011,525,Bielefeld-Germany,2011,10.1002/tox.10035/abstract,https://doi.org/10.1002/tox.10035/abstract,2,https://2011.igem.org/Team:Bielefeld-Germany/Results/BPA;https://2011.igem.org/Team:Bielefeld-Germany/SinceAmsterdam,https://2011.igem.org/Team:Bielefeld-Germany,40,ok
igem_Bielefeld-Germany_2011,525,Bielefeld-Germany,2011,10.1021/ac102742k,https://doi.org/10.1021/ac102742k,4,https://2011.igem.org/Team:Bielefeld-Germany/Project;https://2011.igem.org/Team:Bielefeld-Germany/Project/Description;https://2011.igem.org/Team:Bielefeld-Germany/Project/Background/NAD;https://2011.igem.org/Team:Bielefeld-Germany/Results/NAD,https://2011.igem.org/Team:Bielefeld-Germany,40,ok
igem_Bielefeld-Germany_2011,525,Bielefeld-Germany,2011,10.1021/bc800445r,https://doi.org/10.1021/bc800445r,1,https://2011.igem.org/Team:Bielefeld-Germany/Project/Background/S-Layer,https://2011.igem.org/Team:Bielefeld-Germany,40,ok
igem_Bielefeld-Germany_2011,525,Bielefeld-Germany,2011,10.1021/bm901071b,https://doi.org/10.1021/bm901071b,2,https://2011.igem.org/Team:Bielefeld-Germany/Project;https://2011.igem.org/Team:Bielefeld-Germany/Project/Description,https://2011.igem.org/Team:Bielefeld-Germany,40,ok
igem_Bielefeld-Germany_2011,525,Bielefeld-Germany,2011,10.1046/j.1365-2958.1997.d01-1868.x/abstract,https://doi.org/10.1046/j.1365-2958.1997.d01-1868.x/abstract,1,https://2011.igem.org/Team:Bielefeld-Germany/Project/Background/S-Layer,https://2011.igem.org/Team:Bielefeld-Germany,40,ok
igem_Bielefeld-Germany_2011,525,Bielefeld-Germany,2011,10.1046/j.1432-1327.2000.01377.x/pdf,https://doi.org/10.1046/j.1432-1327.2000.01377.x/pdf,1,https://2011.igem.org/Team:Bielefeld-Germany/Modell,https://2011.igem.org/Team:Bielefeld-Germany,40,ok
igem_Bielefeld-Germany_2011,525,Bielefeld-Germany,2011,10.1111/j.1365-2672.2008.03843.x/full,https://doi.org/10.1111/j.1365-2672.2008.03843.x/full,4,https://2011.igem.org/Team:Bielefeld-Germany/Project;https://2011.igem.org/Team:Bielefeld-Germany/Project/Description;https://2011.igem.org/Team:Bielefeld-Germany/Project/Background/BPA;https://2011.igem.org/Team:Bielefeld-Germany/Results/BPA,https://2011.igem.org/Team:Bielefeld-Germany,40,ok
igem_Bielefeld-Germany_2011,525,Bielefeld-Germany,2011,10.1111/j.1574-6968.2006.00573.x/full,https://doi.org/10.1111/j.1574-6968.2006.00573.x/full,3,https://2011.igem.org/Team:Bielefeld-Germany/Project;https://2011.igem.org/Team:Bielefeld-Germany/Project/Description;https://2011.igem.org/Team:Bielefeld-Germany/Project/Background/S-Layer,https://2011.igem.org/Team:Bielefeld-Germany,40,ok
igem_Bielefeld-Germany_2011,525,Bielefeld-Germany,2011,10.1111/j.1742-4658.2006.05606.x/abstract,https://doi.org/10.1111/j.1742-4658.2006.05606.x/abstract,1,https://2011.igem.org/Team:Bielefeld-Germany/Project/Background/S-Layer,https://2011.igem.org/Team:Bielefeld-Germany,40,ok
igem_Bielefeld-Germany_2011,525,Bielefeld-Germany,2011,10.1111/j.1742-4658.2006.05606.x/full,https://doi.org/10.1111/j.1742-4658.2006.05606.x/full,1,https://2011.igem.org/Team:Bielefeld-Germany/Project/Background/S-Layer,https://2011.igem.org/Team:Bielefeld-Germany,40,ok
igem_Bielefeld-Germany_2011,525,Bielefeld-Germany,2011,10.1146/annurev.mi.03.100149.002103,https://doi.org/10.1146/annurev.mi.03.100149.002103,2,https://2011.igem.org/Team:Bielefeld-Germany/Results/BPA;https://2011.igem.org/Team:Bielefeld-Germany/Modell,https://2011.igem.org/Team:Bielefeld-Germany,40,ok
igem_Brown-Stanford_2011,656,Brown-Stanford,2011,10.1006/bbrc.1995.1449,https://doi.org/10.1006/bbrc.1995.1449,1,https://2011.igem.org/Team:Brown-Stanford/PowerCell/NutrientSecretion,https://2011.igem.org/Team:Brown-Stanford,40,ok
igem_Brown-Stanford_2011,656,Brown-Stanford,2011,10.1016/0019-1035(72)90009-7,https://doi.org/10.1016/0019-1035(72)90009-7,1,https://2011.igem.org/Team:Brown-Stanford/PowerCell/Introduction,https://2011.igem.org/Team:Brown-Stanford,40,ok
igem_Brown-Stanford_2011,656,Brown-Stanford,2011,10.1016/0378-1097(91)90692-4,https://doi.org/10.1016/0378-1097(91)90692-4,1,https://2011.igem.org/Team:Brown-Stanford/PowerCell/NutrientSecretion,https://2011.igem.org/Team:Brown-Stanford,40,ok
igem_Brown-Stanford_2011,656,Brown-Stanford,2011,10.1016/j.mimet.2004.06.009,https://doi.org/10.1016/j.mimet.2004.06.009,1,https://2011.igem.org/Team:Brown-Stanford/PowerCell/NutrientSecretion,https://2011.igem.org/Team:Brown-Stanford,40,ok
igem_Brown-Stanford_2011,656,Brown-Stanford,2011,10.1021/bi200416g,https://doi.org/10.1021/bi200416g,1,https://2011.igem.org/Team:Brown-Stanford/PowerCell/Introduction,https://2011.igem.org/Team:Brown-Stanford,40,ok
igem_Brown-Stanford_2011,656,Brown-Stanford,2011,10.1128/aem.00202-10,https://doi.org/10.1128/aem.00202-10,1,https://2011.igem.org/Team:Brown-Stanford/PowerCell/Introduction,https://2011.igem.org/Team:Brown-Stanford,40,ok
igem_Brown-Stanford_2011,656,Brown-Stanford,2011,10.1128/aem.01714-10,https://doi.org/10.1128/aem.01714-10,1,https://2011.igem.org/Team:Brown-Stanford/PowerCell/Introduction,https://2011.igem.org/Team:Brown-Stanford,40,ok
igem_Caltech_2011,620,Caltech,2011,10.1002/cbic.201000565/abstract,https://doi.org/10.1002/cbic.201000565/abstract,2,https://2011.igem.org/Team:Caltech/References;http://2011.igem.org/Team:Caltech/References,https://2011.igem.org/Team:Caltech,12,ok
igem_Caltech_2011,620,Caltech,2011,10.1007/s00253-010-2761-6,https://doi.org/10.1007/s00253-010-2761-6,2,https://2011.igem.org/Team:Caltech/References;http://2011.igem.org/Team:Caltech/References,https://2011.igem.org/Team:Caltech,12,ok
igem_Caltech_2011,620,Caltech,2011,10.1021/es1014482,https://doi.org/10.1021/es1014482,2,https://2011.igem.org/Team:Caltech/References;http://2011.igem.org/Team:Caltech/References,https://2011.igem.org/Team:Caltech,12,ok
igem_Caltech_2011,620,Caltech,2011,10.1111/j.1365-2672.2008.03843.x,https://doi.org/10.1111/j.1365-2672.2008.03843.x,2,https://2011.igem.org/Team:Caltech/References;http://2011.igem.org/Team:Caltech/References,https://2011.igem.org/Team:Caltech,12,ok
igem_Caltech_2011,620,Caltech,2011,10.1111/j.1365-2672.2008.03843.x/full,https://doi.org/10.1111/j.1365-2672.2008.03843.x/full,2,https://2011.igem.org/Team:Caltech/References;http://2011.igem.org/Team:Caltech/References,https://2011.igem.org/Team:Caltech,12,ok
igem_Caltech_2011,620,Caltech,2011,10.1128/aem.71.12.8024-,https://doi.org/10.1128/aem.71.12.8024-,2,https://2011.igem.org/Team:Caltech/References;http://2011.igem.org/Team:Caltech/References,https://2011.igem.org/Team:Caltech,12,ok
igem_Cornell_2011,597,Cornell,2011,10.1016/j.jmb.2010.10.038,https://doi.org/10.1016/j.jmb.2010.10.038,2,https://2011.igem.org/Team:Cornell/Description;http://2011.igem.org/Team:Cornell/Description,https://2011.igem.org/Team:Cornell,40,ok
igem_Cornell_2011,597,Cornell,2011,10.1021/bi061998z,https://doi.org/10.1021/bi061998z,2,https://2011.igem.org/Team:Cornell/Description;http://2011.igem.org/Team:Cornell/Description,https://2011.igem.org/Team:Cornell,40,ok
igem_Cornell_2011,597,Cornell,2011,10.1039/b917959c,https://doi.org/10.1039/b917959c,2,https://2011.igem.org/Team:Cornell/Description;http://2011.igem.org/Team:Cornell/Description,https://2011.igem.org/Team:Cornell,40,ok
igem_Dundee_2011,562,Dundee,2011,10.1146/annurev.biophys.093008.131418,https://doi.org/10.1146/annurev.biophys.093008.131418,2,https://2011.igem.org/Team:Dundee/References;http://2011.igem.org/Team:Dundee/References,https://2011.igem.org/Team:Dundee,16,ok
igem_Aachen_2014,1319,Aachen,2014,10.1038/nprot.2012.147,https://doi.org/10.1038/nprot.2012.147,2,https://2014.igem.org/Team:Aachen/Project/FRET_Reporter;http://2014.igem.org/Team:Aachen/Project/FRET_Reporter,https://2014.igem.org/Team:Aachen,40,ok
igem_Aachen_2014,1319,Aachen,2014,10.1073/pnas.0509922103,https://doi.org/10.1073/pnas.0509922103,2,https://2014.igem.org/Team:Aachen/Project/FRET_Reporter;http://2014.igem.org/Team:Aachen/Project/FRET_Reporter,https://2014.igem.org/Team:Aachen,40,ok
igem_Aachen_2014,1319,Aachen,2014,10.1093/nar/gku340,https://doi.org/10.1093/nar/gku340,2,https://2014.igem.org/Team:Aachen/Project/FRET_Reporter;http://2014.igem.org/Team:Aachen/Project/FRET_Reporter,https://2014.igem.org/Team:Aachen,40,ok
igem_Aachen_2014,1319,Aachen,2014,10.1146/annurev.cellbio.21.012704.131001,https://doi.org/10.1146/annurev.cellbio.21.012704.131001,2,https://2014.igem.org/Team:Aachen/Project/2D_Biosensor;http://2014.igem.org/Team:Aachen/Project/2D_Biosensor,https://2014.igem.org/Team:Aachen,40,ok
igem_Aachen_2014,1319,Aachen,2014,10.1186/1754-1611-3-19,https://doi.org/10.1186/1754-1611-3-19,2,https://2014.igem.org/Team:Aachen/Project/Model;http://2014.igem.org/Team:Aachen/Project/Model,https://2014.igem.org/Team:Aachen,40,ok
igem_Aalto-Helsinki_2014,1443,Aalto-Helsinki,2014,10.1002/pro.707,https://doi.org/10.1002/pro.707,2,https://2014.igem.org/Team:Aalto-Helsinki/Research;http://2014.igem.org/Team:Aalto-Helsinki/Research,https://2014.igem.org/Team:Aalto-Helsinki,18,ok
igem_Aalto-Helsinki_2014,1443,Aalto-Helsinki,2014,10.1016/j.bpj.2012.09.006,https://doi.org/10.1016/j.bpj.2012.09.006,2,https://2014.igem.org/Team:Aalto-Helsinki/Research;http://2014.igem.org/Team:Aalto-Helsinki/Research,https://2014.igem.org/Team:Aalto-Helsinki,18,ok
igem_Aalto-Helsinki_2014,1443,Aalto-Helsinki,2014,10.1016/j.jmb.2008.12.017,https://doi.org/10.1016/j.jmb.2008.12.017,2,https://2014.igem.org/Team:Aalto-Helsinki/Research;http://2014.igem.org/Team:Aalto-Helsinki/Research,https://2014.igem.org/Team:Aalto-Helsinki,18,ok
igem_Aalto-Helsinki_2014,1443,Aalto-Helsinki,2014,10.1016/j.jmb.2010.10.038,https://doi.org/10.1016/j.jmb.2010.10.038,2,https://2014.igem.org/Team:Aalto-Helsinki/Research;http://2014.igem.org/Team:Aalto-Helsinki/Research,https://2014.igem.org/Team:Aalto-Helsinki,18,ok
igem_Aalto-Helsinki_2014,1443,Aalto-Helsinki,2014,10.1016/j.str.2013.04.024,https://doi.org/10.1016/j.str.2013.04.024,2,https://2014.igem.org/Team:Aalto-Helsinki/Research;http://2014.igem.org/Team:Aalto-Helsinki/Research,https://2014.igem.org/Team:Aalto-Helsinki,18,ok
igem_Aalto-Helsinki_2014,1443,Aalto-Helsinki,2014,10.1016/s0092-8674(00)80891-0,https://doi.org/10.1016/s0092-8674(00)80891-0,2,https://2014.igem.org/Team:Aalto-Helsinki/Research;http://2014.igem.org/Team:Aalto-Helsinki/Research,https://2014.igem.org/Team:Aalto-Helsinki,18,ok
igem_Aalto-Helsinki_2014,1443,Aalto-Helsinki,2014,10.1038/294217a0,https://doi.org/10.1038/294217a0,2,https://2014.igem.org/Team:Aalto-Helsinki/Research;http://2014.igem.org/Team:Aalto-Helsinki/Research,https://2014.igem.org/Team:Aalto-Helsinki,18,ok
igem_Aalto-Helsinki_2014,1443,Aalto-Helsinki,2014,10.1038/nature04405,https://doi.org/10.1038/nature04405,2,https://2014.igem.org/Team:Aalto-Helsinki/Research;http://2014.igem.org/Team:Aalto-Helsinki/Research,https://2014.igem.org/Team:Aalto-Helsinki,18,ok
igem_Aalto-Helsinki_2014,1443,Aalto-Helsinki,2014,10.1038/nmeth.2884,https://doi.org/10.1038/nmeth.2884,2,https://2014.igem.org/Team:Aalto-Helsinki/Research;http://2014.igem.org/Team:Aalto-Helsinki/Research,https://2014.igem.org/Team:Aalto-Helsinki,18,ok
igem_Aalto-Helsinki_2014,1443,Aalto-Helsinki,2014,10.1073/pnas.0801826105,https://doi.org/10.1073/pnas.0801826105,2,https://2014.igem.org/Team:Aalto-Helsinki/Research;http://2014.igem.org/Team:Aalto-Helsinki/Research,https://2014.igem.org/Team:Aalto-Helsinki,18,ok
igem_Aalto-Helsinki_2014,1443,Aalto-Helsinki,2014,10.1101/gad.4.2.277,https://doi.org/10.1101/gad.4.2.277,2,https://2014.igem.org/Team:Aalto-Helsinki/Research;http://2014.igem.org/Team:Aalto-Helsinki/Research,https://2014.igem.org/Team:Aalto-Helsinki,18,ok
igem_Aalto-Helsinki_2014,1443,Aalto-Helsinki,2014,10.1101/gad.937301,https://doi.org/10.1101/gad.937301,2,https://2014.igem.org/Team:Aalto-Helsinki/Research;http://2014.igem.org/Team:Aalto-Helsinki/Research,https://2014.igem.org/Team:Aalto-Helsinki,18,ok
igem_Aalto-Helsinki_2014,1443,Aalto-Helsinki,2014,10.1101/gad.937301tame,https://doi.org/10.1101/gad.937301tame,2,https://2014.igem.org/Team:Aalto-Helsinki/Research;http://2014.igem.org/Team:Aalto-Helsinki/Research,https://2014.igem.org/Team:Aalto-Helsinki,18,ok
igem_Aalto-Helsinki_2014,1443,Aalto-Helsinki,2014,10.1109/ias.2002.1044108,https://doi.org/10.1109/ias.2002.1044108,2,https://2014.igem.org/Team:Aalto-Helsinki/Research;http://2014.igem.org/Team:Aalto-Helsinki/Research,https://2014.igem.org/Team:Aalto-Helsinki,18,ok
igem_Aalto-Helsinki_2014,1443,Aalto-Helsinki,2014,10.1371/journal.pcbi.1003161,https://doi.org/10.1371/journal.pcbi.1003161,2,https://2014.igem.org/Team:Aalto-Helsinki/Research;http://2014.igem.org/Team:Aalto-Helsinki/Research,https://2014.igem.org/Team:Aalto-Helsinki,18,ok
