part_name,pmcid,doi,year
BBa_J23100,PMC4765996,10.1021/acschembio.5b00779,2015
BBa_K811000,PMC5264543,10.1021/sb400174s,2014
BBa_K811001,PMC5264543,10.1021/sb400174s,2014
BBa_K811002,PMC5264543,10.1021/sb400174s,2014
BBa_J61048,PMC4718764,10.1038/nchembio.1979,2015
BBa_E0840,PMC4618176,10.1038/ni.3268,2015
BBa_J23100,PMC4618176,10.1038/ni.3268,2015
BBa_J23119,PMC4845913,10.1007/978-1-4939-2687-9_23,2015
BBa_B0015,PMC4788411,10.1093/pcp/pcv160,2016
BBa_B0034,PMC4788411,10.1093/pcp/pcv160,2016
BBa_I712074,PMC4788411,10.1093/pcp/pcv160,2016
BBa_B0034,PMC4277749,10.1021/sb500047r,2014
BBa_E0020,PMC4277749,10.1021/sb500047r,2014
BBa_E0030,PMC4277749,10.1021/sb500047r,2014
BBa_E1010,PMC4277749,10.1021/sb500047r,2014
BBa_K314202,PMC4277749,10.1021/sb500047r,2014
BBa_K517002,PMC4277749,10.1021/sb500047r,2014
BBa_K519010,PMC4277749,10.1021/sb500047r,2014
BBa_K530000,PMC4277749,10.1021/sb500047r,2014
BBa_K530025,PMC4277749,10.1021/sb500047r,2014
BBa_K538000,PMC4277749,10.1021/sb500047r,2014
BBa_K538004,PMC4277749,10.1021/sb500047r,2014
BBa_K539119,PMC4277749,10.1021/sb500047r,2014
BBa_K541505,PMC4277749,10.1021/sb500047r,2014
BBa_K541506,PMC4277749,10.1021/sb500047r,2014
BBa_K542010,PMC4277749,10.1021/sb500047r,2014
BBa_K548000,PMC4277749,10.1021/sb500047r,2014
BBa_K577006,PMC4277749,10.1021/sb500047r,2014
BBa_K592100,PMC4277749,10.1021/sb500047r,2014
BBa_K648028,PMC4277749,10.1021/sb500047r,2014
BBa_K649001,PMC4277749,10.1021/sb500047r,2014
BBa_K654058,PMC4277749,10.1021/sb500047r,2014
BBa_K660004,PMC4277749,10.1021/sb500047r,2014
BBa_K808001,PMC4277749,10.1021/sb500047r,2014
BBa_K808003,PMC4277749,10.1021/sb500047r,2014
BBa_K808010,PMC4277749,10.1021/sb500047r,2014
BBa_K808013,PMC4277749,10.1021/sb500047r,2014
BBa_K808025,PMC4277749,10.1021/sb500047r,2014
BBa_K864100,PMC4277749,10.1021/sb500047r,2014
BBa_K875009,PMC4277749,10.1021/sb500047r,2014
BBa_K895006,PMC4277749,10.1021/sb500047r,2014
BBa_S05060,PMC4277749,10.1021/sb500047r,2014
BBa_B0015,PMC4272683,10.1016/j.chembiol.2014.10.008,2014
BBa_B0034,PMC4272683,10.1016/j.chembiol.2014.10.008,2014
BBa_C0062,PMC4272683,10.1016/j.chembiol.2014.10.008,2014
BBa_E0240,PMC4272683,10.1016/j.chembiol.2014.10.008,2014
BBa_K176009,PMC4272683,10.1016/j.chembiol.2014.10.008,2014
BBa_R0062,PMC4272683,10.1016/j.chembiol.2014.10.008,2014
BBa_B0015,PMC4675711,10.1093/dnares/dsv024,2015
BBa_B0020,PMC4675711,10.1093/dnares/dsv024,2015
BBa_B0032,PMC4675711,10.1093/dnares/dsv024,2015
BBa_B0053,PMC4675711,10.1093/dnares/dsv024,2015
BBa_B0062,PMC4675711,10.1093/dnares/dsv024,2015
BBa_B1006,PMC4675711,10.1093/dnares/dsv024,2015
BBa_E0040,PMC4675711,10.1093/dnares/dsv024,2015
BBa_E0240,PMC4675711,10.1093/dnares/dsv024,2015
BBa_G00101,PMC4650599,10.1038/srep10658,2015
BBa_B0034,PMC4609045,10.1186/s12934-015-0355-9,2015
BBa_J23104,PMC4499127,10.1093/nar/gkv499,2015
BBa_B0015,PMC4575469,10.1186/s13104-015-1425-0,2015
BBa_J23119,PMC4562711,10.1371/journal.pone.0137421,2015
BBa_B0015,PMC4554450,10.1002/mbo3.257,2015
BBa_J23100,PMC4561953,10.1038/srep13853,2015
BBa_J23100,PMC4559943,10.1186/s13068-015-0327-7,2015
BBa_J23119,PMC4534122,10.1186/s12934-015-0301-x,2015
BBa_J23100,PMC4522091,10.1186/s13068-015-0291-2,2015
BBa_J23102,PMC4522091,10.1186/s13068-015-0291-2,2015
BBa_J23105,PMC4522091,10.1186/s13068-015-0291-2,2015
BBa_J23106,PMC4522091,10.1186/s13068-015-0291-2,2015
BBa_J23118,PMC4522091,10.1186/s13068-015-0291-2,2015
BBa_B0015,PMC4444344,10.1371/journal.pone.0126264,2015
BBa_B0032,PMC4444344,10.1371/journal.pone.0126264,2015
BBa_B0034,PMC4444344,10.1371/journal.pone.0126264,2015
BBa_E0040,PMC4444344,10.1371/journal.pone.0126264,2015
BBa_E0240,PMC4444344,10.1371/journal.pone.0126264,2015
BBa_E1010,PMC4444344,10.1371/journal.pone.0126264,2015
BBa_I13507,PMC4444344,10.1371/journal.pone.0126264,2015
BBa_I14032,PMC4444344,10.1371/journal.pone.0126264,2015
BBa_I763007,PMC4444344,10.1371/journal.pone.0126264,2015
BBa_J107010,PMC4444344,10.1371/journal.pone.0126264,2015
BBa_J107012,PMC4444344,10.1371/journal.pone.0126264,2015
BBa_J107100,PMC4444344,10.1371/journal.pone.0126264,2015
BBa_J107101,PMC4444344,10.1371/journal.pone.0126264,2015
BBa_J107102,PMC4444344,10.1371/journal.pone.0126264,2015
BBa_J107103,PMC4444344,10.1371/journal.pone.0126264,2015
BBa_J107104,PMC4444344,10.1371/journal.pone.0126264,2015
BBa_J107105,PMC4444344,10.1371/journal.pone.0126264,2015
BBa_J107106,PMC4444344,10.1371/journal.pone.0126264,2015
BBa_J107107,PMC4444344,10.1371/journal.pone.0126264,2015
BBa_J107108,PMC4444344,10.1371/journal.pone.0126264,2015
BBa_J107109,PMC4444344,10.1371/journal.pone.0126264,2015
BBa_J107110,PMC4444344,10.1371/journal.pone.0126264,2015
BBa_J107111,PMC4444344,10.1371/journal.pone.0126264,2015
BBa_J107120,PMC4444344,10.1371/journal.pone.0126264,2015
BBa_J107121,PMC4444344,10.1371/journal.pone.0126264,2015
BBa_J107122,PMC4444344,10.1371/journal.pone.0126264,2015
BBa_J107123,PMC4444344,10.1371/journal.pone.0126264,2015
BBa_J107124,PMC4444344,10.1371/journal.pone.0126264,2015
BBa_J107125,PMC4444344,10.1371/journal.pone.0126264,2015
BBa_J23100,PMC4444344,10.1371/journal.pone.0126264,2015
BBa_J23101,PMC4444344,10.1371/journal.pone.0126264,2015
BBa_J23102,PMC4444344,10.1371/journal.pone.0126264,2015
BBa_J23104,PMC4444344,10.1371/journal.pone.0126264,2015
BBa_J23105,PMC4444344,10.1371/journal.pone.0126264,2015
BBa_J23106,PMC4444344,10.1371/journal.pone.0126264,2015
BBa_J23110,PMC4444344,10.1371/journal.pone.0126264,2015
BBa_J23114,PMC4444344,10.1371/journal.pone.0126264,2015
BBa_J23116,PMC4444344,10.1371/journal.pone.0126264,2015
BBa_J23117,PMC4444344,10.1371/journal.pone.0126264,2015
BBa_J23118,PMC4444344,10.1371/journal.pone.0126264,2015
BBa_J23119,PMC4444344,10.1371/journal.pone.0126264,2015
BBa_J61002,PMC4444344,10.1371/journal.pone.0126264,2015
BBa_K516032,PMC4444344,10.1371/journal.pone.0126264,2015
BBa_R0011,PMC4444344,10.1371/journal.pone.0126264,2015
BBa_R0051,PMC4444344,10.1371/journal.pone.0126264,2015
BBa_R0061,PMC4444344,10.1371/journal.pone.0126264,2015
BBa_S03119,PMC4444344,10.1371/journal.pone.0126264,2015
BBa_K274002,PMC4515103,10.1111/tpj.12781,2015
BBa_J23101,PMC4245323,10.1038/nmeth.3147,2014
BBa_J23119,PMC4245323,10.1038/nmeth.3147,2014
BBa_B0015,PMC4330358,10.1093/nar/gku1388,2015
BBa_E0840,PMC4330358,10.1093/nar/gku1388,2015
BBa_J04450,PMC4310746,10.1091/mbc.E14-06-1088,2015
BBa_I14018,PMC4373697,10.1371/journal.pone.0119487,2015
BBa_J61101,PMC4373697,10.1371/journal.pone.0119487,2015
BBa_E0020,PMC4378612,10.7554/eLife.03977.032,2015
BBa_B0034,PMC4336316,10.1371/journal.pone.0117202,2015
BBa_G1005,PMC4336316,10.1371/journal.pone.0117202,2015
BBa_J23104,PMC4336316,10.1371/journal.pone.0117202,2015
BBa_K1149010,PMC4336316,10.1371/journal.pone.0117202,2015
BBa_K1149051,PMC4336316,10.1371/journal.pone.0117202,2015
BBa_K1149052,PMC4336316,10.1371/journal.pone.0117202,2015
BBa_K608002,PMC4336316,10.1371/journal.pone.0117202,2015
BBa_K934001,PMC4336316,10.1371/journal.pone.0117202,2015
BBa_B1006,PMC4288209,10.1093/nar/gku971,2015
BBa_J23119,PMC4288209,10.1093/nar/gku971,2015
BBa_K117000,PMC4305986,10.1186/1752-0509-8-S5-S7,2014
BBa_J23101,PMC4299604,10.15252/msb.20145735,2014
BBa_B0032,PMC4299498,10.15252/msb.20145299,2014
BBa_B0034,PMC4299498,10.15252/msb.20145299,2014
BBa_J23105,PMC4299498,10.15252/msb.20145299,2014
BBa_J23109,PMC4299498,10.15252/msb.20145299,2014
BBa_J23119,PMC4299498,10.15252/msb.20145299,2014
BBa_J61039,PMC4299498,10.15252/msb.20145299,2014
BBa_I14034,PMC4176322,10.1093/nar/gku604,2014
BBa_J23119,PMC4279783,10.1186/s12934-014-0172-6,2014
BBa_B0015,PMC4132719,10.1093/nar/gku593,2014
BBa_E0840,PMC4132719,10.1093/nar/gku593,2014
BBa_J23119,PMC4277763,10.1021/sb500036q,2014
BBa_I746909,PMC4254613,10.1371/journal.pone.0113786,2014
BBa_B0040,PMC4236582,10.1186/1472-6750-14-84,2014
BBa_B1002,PMC4236582,10.1186/1472-6750-14-84,2014
BBa_B1006,PMC4236582,10.1186/1472-6750-14-84,2014
BBa_K259002,PMC4236582,10.1186/1472-6750-14-84,2014
BBa_J23103,PMC4225500,10.1186/1471-2180-13-262,2013
BBa_J23105,PMC4225500,10.1186/1471-2180-13-262,2013
BBa_K540000,PMC3523425,10.3791/4176,2012
BBa_J23119,PMC3922765,10.1038/nprot.2013.132,2013
BBa_J23101,PMC4177231,10.1186/1754-1611-7-29,2013
BBa_K823000,PMC4177231,10.1186/1754-1611-7-29,2013
BBa_K823001,PMC4177231,10.1186/1754-1611-7-29,2013
BBa_K823002,PMC4177231,10.1186/1754-1611-7-29,2013
BBa_K823003,PMC4177231,10.1186/1754-1611-7-29,2013
BBa_K823005,PMC4177231,10.1186/1754-1611-7-29,2013
BBa_K823015,PMC4177231,10.1186/1754-1611-7-29,2013
BBa_K823021,PMC4177231,10.1186/1754-1611-7-29,2013
BBa_K823022,PMC4177231,10.1186/1754-1611-7-29,2013
BBa_K823023,PMC4177231,10.1186/1754-1611-7-29,2013
BBa_K823025,PMC4177231,10.1186/1754-1611-7-29,2013
BBa_K823027,PMC4177231,10.1186/1754-1611-7-29,2013
BBa_K823034,PMC4177231,10.1186/1754-1611-7-29,2013
BBa_K823035,PMC4177231,10.1186/1754-1611-7-29,2013
BBa_K823036,PMC4177231,10.1186/1754-1611-7-29,2013
BBa_K823037,PMC4177231,10.1186/1754-1611-7-29,2013
BBa_K823038,PMC4177231,10.1186/1754-1611-7-29,2013
BBa_E0040,PMC4186888,10.1371/journal.pone.0109105,2014
BBa_K274200,PMC4203835,10.1371/journal.pone.0110852,2014
BBa_B0034,PMC3897159,10.1021/es401458s,2013
BBa_C0078,PMC3897159,10.1021/es401458s,2013
BBa_E0040,PMC3897159,10.1021/es401458s,2013
BBa_J23101,PMC4181335,10.3389/fbioe.2014.00040,2014
BBa_R0040,PMC4181335,10.3389/fbioe.2014.00040,2014
BBa_B0014,PMC4124493,10.1186/1754-1611-8-19,2014
BBa_B0015,PMC4137594,10.1155/2014/369681,2014
BBa_B0032,PMC4137594,10.1155/2014/369681,2014
BBa_B0034,PMC4137594,10.1155/2014/369681,2014
BBa_B0032,PMC4165527,10.1038/nchembio.1411,2013
BBa_J23101,PMC4165527,10.1038/nchembio.1411,2013
BBa_J23119,PMC4165527,10.1038/nchembio.1411,2013
BBa_K175041,PMC4068284,10.1111/1567-1364.12087,2013
BBa_B0014,PMC4078008,10.1186/1754-6834-7-99,2014
BBa_B0030,PMC4039329,10.1186/1475-2859-13-74,2014
BBa_B1002,PMC4039329,10.1186/1475-2859-13-74,2014
BBa_I746916,PMC4050265,10.1038/ncomms5012,2014
BBa_B0015,PMC4021604,10.1186/1754-6834-7-56,2014
BBa_J23116,PMC4021604,10.1186/1754-6834-7-56,2014
BBa_B0034,PMC4015293,10.1186/1754-1611-7-24,2013
BBa_R0010,PMC4015293,10.1186/1754-1611-7-24,2013
BBa_I13521,PMC3940292,10.1186/1754-1611-8-5,2014
BBa_J107010,PMC3940292,10.1186/1754-1611-8-5,2014
BBa_J107053,PMC3940292,10.1186/1754-1611-8-5,2014
BBa_B0015,PMC3922697,10.1186/1754-1611-8-4,2014
BBa_B0034,PMC3922697,10.1186/1754-1611-8-4,2014
BBa_E0030,PMC3922697,10.1186/1754-1611-8-4,2014
BBa_E0430,PMC3922697,10.1186/1754-1611-8-4,2014
BBa_G00100,PMC3922697,10.1186/1754-1611-8-4,2014
BBa_G00101,PMC3922697,10.1186/1754-1611-8-4,2014
BBa_J153000,PMC3922697,10.1186/1754-1611-8-4,2014
BBa_J23100,PMC3922697,10.1186/1754-1611-8-4,2014
BBa_J23101,PMC3922697,10.1186/1754-1611-8-4,2014
BBa_J23102,PMC3922697,10.1186/1754-1611-8-4,2014
BBa_J23105,PMC3922697,10.1186/1754-1611-8-4,2014
BBa_J23106,PMC3922697,10.1186/1754-1611-8-4,2014
BBa_J23109,PMC3922697,10.1186/1754-1611-8-4,2014
BBa_J23113,PMC3922697,10.1186/1754-1611-8-4,2014
BBa_J23114,PMC3922697,10.1186/1754-1611-8-4,2014
BBa_K273019,PMC3922697,10.1186/1754-1611-8-4,2014
BBa_J23100,PMC3904225,10.1021/sb3000832,2012
BBa_K274002,PMC3905865,10.1093/nar/gkt809,2013
BBa_I712015,PMC3892856,10.3390/s131216330,2013
BBa_B1006,PMC3874176,10.1093/nar/gkt860,2014
BBa_J04450,PMC3856533,10.1186/1472-6750-13-81,2013
BBa_K245005,PMC3661711,10.1038/nchembio.1248,2013
BBa_B0015,PMC3831814,10.1186/1475-2859-12-103,2013
BBa_K590025,PMC3818147,10.1021/sb300061x,2012
BBa_K590064,PMC3818147,10.1021/sb300061x,2012
BBa_J72113,PMC3804010,10.1021/sb300054p,2012
BBa_J23119,PMC3753616,10.1093/nar/gkt452,2013
BBa_J23110,PMC3753641,10.1093/nar/gkt520,2013
BBa_J23116,PMC3753641,10.1093/nar/gkt520,2013
BBa_J23117,PMC3753641,10.1093/nar/gkt520,2013
BBa_E0130,PMC3724501,10.1186/1754-1611-7-10,2013
BBa_J23101,PMC3724501,10.1186/1754-1611-7-10,2013
BBa_P0440,PMC3724501,10.1186/1754-1611-7-10,2013
BBa_R0010,PMC3724501,10.1186/1754-1611-7-10,2013
BBa_R0040,PMC3724501,10.1186/1754-1611-7-10,2013
BBa_R0051,PMC3724501,10.1186/1754-1611-7-10,2013
BBa_B0015,PMC3662617,10.1186/1754-1611-7-12,2013
BBa_B0033,PMC3662617,10.1186/1754-1611-7-12,2013
BBa_B0034,PMC3662617,10.1186/1754-1611-7-12,2013
BBa_B0053,PMC3662617,10.1186/1754-1611-7-12,2013
BBa_B0054,PMC3662617,10.1186/1754-1611-7-12,2013
BBa_B0055,PMC3662617,10.1186/1754-1611-7-12,2013
BBa_B0062,PMC3662617,10.1186/1754-1611-7-12,2013
BBa_C0083,PMC3662617,10.1186/1754-1611-7-12,2013
BBa_I13507,PMC3662617,10.1186/1754-1611-7-12,2013
BBa_I14032,PMC3662617,10.1186/1754-1611-7-12,2013
BBa_I763007,PMC3662617,10.1186/1754-1611-7-12,2013
BBa_J23100,PMC3662617,10.1186/1754-1611-7-12,2013
BBa_J23101,PMC3662617,10.1186/1754-1611-7-12,2013
BBa_J23118,PMC3662617,10.1186/1754-1611-7-12,2013
BBa_J61001,PMC3662617,10.1186/1754-1611-7-12,2013
BBa_J72008,PMC3662617,10.1186/1754-1611-7-12,2013
BBa_K300000,PMC3662617,10.1186/1754-1611-7-12,2013
BBa_K300008,PMC3662617,10.1186/1754-1611-7-12,2013
BBa_K300032,PMC3662617,10.1186/1754-1611-7-12,2013
BBa_K300982,PMC3662617,10.1186/1754-1611-7-12,2013
BBa_K300983,PMC3662617,10.1186/1754-1611-7-12,2013
BBa_P1004,PMC3662617,10.1186/1754-1611-7-12,2013
BBa_R0051,PMC3662617,10.1186/1754-1611-7-12,2013
BBa_K112808,PMC3669160,10.4161/bioe.22646,2013
BBa_B0010,PMC3684516,10.1186/1754-1611-7-13,2013
BBa_B0012,PMC3684516,10.1186/1754-1611-7-13,2013
BBa_B0015,PMC3684516,10.1186/1754-1611-7-13,2013
BBa_B0034,PMC3684516,10.1186/1754-1611-7-13,2013
BBa_C0062,PMC3684516,10.1186/1754-1611-7-13,2013
BBa_E2050,PMC3684516,10.1186/1754-1611-7-13,2013
BBa_F2620,PMC3684516,10.1186/1754-1611-7-13,2013
BBa_I15010,PMC3684516,10.1186/1754-1611-7-13,2013
BBa_I744210,PMC3684516,10.1186/1754-1611-7-13,2013
BBa_J04450,PMC3684516,10.1186/1754-1611-7-13,2013
BBa_J15001,PMC3684516,10.1186/1754-1611-7-13,2013
BBa_J153000,PMC3684516,10.1186/1754-1611-7-13,2013
BBa_J176005,PMC3684516,10.1186/1754-1611-7-13,2013
BBa_J176006,PMC3684516,10.1186/1754-1611-7-13,2013
BBa_J176022,PMC3684516,10.1186/1754-1611-7-13,2013
BBa_J176027,PMC3684516,10.1186/1754-1611-7-13,2013
BBa_J176122,PMC3684516,10.1186/1754-1611-7-13,2013
BBa_J23100,PMC3684516,10.1186/1754-1611-7-13,2013
BBa_J23119,PMC3684516,10.1186/1754-1611-7-13,2013
BBa_J33207,PMC3684516,10.1186/1754-1611-7-13,2013
BBa_J61009,PMC3684516,10.1186/1754-1611-7-13,2013
BBa_J85226,PMC3684516,10.1186/1754-1611-7-13,2013
BBa_K566002,PMC3684516,10.1186/1754-1611-7-13,2013
BBa_R0040,PMC3684516,10.1186/1754-1611-7-13,2013
BBa_B1002,PMC3643576,10.1093/nar/gkt163,2013
BBa_B1006,PMC3643576,10.1093/nar/gkt163,2013
BBa_B0034,PMC3585339,10.1371/journal.pone.0057482,2013
BBa_K206000,PMC3585339,10.1371/journal.pone.0057482,2013
BBa_E0840,PMC3507625,10.1016/j.bios.2012.08.011,2013
BBa_F2620,PMC3507625,10.1016/j.bios.2012.08.011,2013
BBa_I13507,PMC3507625,10.1016/j.bios.2012.08.011,2013
BBa_K382000,PMC3537565,10.1186/1754-1611-6-8,2012
BBa_K382001,PMC3537565,10.1186/1754-1611-6-8,2012
BBa_K382002,PMC3537565,10.1186/1754-1611-6-8,2012
BBa_K382003,PMC3537565,10.1186/1754-1611-6-8,2012
BBa_K382004,PMC3537565,10.1186/1754-1611-6-8,2012
BBa_K382005,PMC3537565,10.1186/1754-1611-6-8,2012
BBa_B0015,PMC3511798,10.1186/1754-1611-6-10,2012
BBa_E0040,PMC3509006,10.1186/1754-1611-6-16,2012
BBa_E0051,PMC3509006,10.1186/1754-1611-6-16,2012
BBa_E2060,PMC3488204,10.1093/nar/gks636,2012
BBa_B0015,PMC3446811,10.3389/fmicb.2012.00344,2012
BBa_J23107,PMC3413328,10.1002/bit.22966,2010
BBa_B0015,PMC3401228,10.1371/journal.pone.0039407,2012
BBa_B0031,PMC3401228,10.1371/journal.pone.0039407,2012
BBa_B0032,PMC3401228,10.1371/journal.pone.0039407,2012
BBa_B0034,PMC3401228,10.1371/journal.pone.0039407,2012
BBa_C0040,PMC3401228,10.1371/journal.pone.0039407,2012
BBa_C0062,PMC3401228,10.1371/journal.pone.0039407,2012
BBa_E0040,PMC3401228,10.1371/journal.pone.0039407,2012
BBa_E1010,PMC3401228,10.1371/journal.pone.0039407,2012
BBa_I14032,PMC3401228,10.1371/journal.pone.0039407,2012
BBa_J23100,PMC3401228,10.1371/journal.pone.0039407,2012
BBa_J23101,PMC3401228,10.1371/journal.pone.0039407,2012
BBa_J23105,PMC3401228,10.1371/journal.pone.0039407,2012
BBa_J23106,PMC3401228,10.1371/journal.pone.0039407,2012
BBa_J23116,PMC3401228,10.1371/journal.pone.0039407,2012
BBa_J23118,PMC3401228,10.1371/journal.pone.0039407,2012
BBa_R0011,PMC3401228,10.1371/journal.pone.0039407,2012
BBa_R0040,PMC3401228,10.1371/journal.pone.0039407,2012
BBa_R0051,PMC3401228,10.1371/journal.pone.0039407,2012
BBa_R0062,PMC3401228,10.1371/journal.pone.0039407,2012
BBa_I721007,PMC3351485,10.1371/journal.pone.0036982,2012
BBa_K546000,PMC3351485,10.1371/journal.pone.0036982,2012
BBa_K546002,PMC3351485,10.1371/journal.pone.0036982,2012
BBa_K546546,PMC3351485,10.1371/journal.pone.0036982,2012
BBa_J23119,PMC3384300,10.1093/nar/gks168,2012
BBa_B0035,PMC3333853,10.1093/nar/gkr1191,2012
BBa_B0032,PMC3314568,10.1186/1471-2105-13-S4-S11,2012
BBa_B0034,PMC3314568,10.1186/1471-2105-13-S4-S11,2012
BBa_J23101,PMC3314568,10.1186/1471-2105-13-S4-S11,2012
BBa_K300000,PMC3314568,10.1186/1471-2105-13-S4-S11,2012
BBa_J45900,PMC3251819,10.1100/2011/529532,2011
BBa_I50042,PMC3033806,10.1016/j.jmb.2010.12.019,2010
BBa_J23113,PMC3033806,10.1016/j.jmb.2010.12.019,2010
BBa_I732018,PMC3287150,10.1186/1754-1611-5-17,2011
BBa_J23100,PMC3287150,10.1186/1754-1611-5-17,2011
BBa_R0040,PMC3287150,10.1186/1754-1611-5-17,2011
BBa_J64067,PMC3053042,10.1016/j.jmb.2010.10.038,2010
BBa_R0065,PMC3053042,10.1016/j.jmb.2010.10.038,2010
BBa_R0082,PMC3053042,10.1016/j.jmb.2010.10.038,2010
BBa_J23018,PMC3223186,10.1371/journal.pone.0027559,2011
BBa_B0015,PMC3207208,10.1038/ncomms1516,2011
BBa_E0840,PMC3207208,10.1038/ncomms1516,2011
BBa_F2620,PMC3207208,10.1038/ncomms1516,2011
BBa_Q04510,PMC3207208,10.1038/ncomms1516,2011
BBa_B0015,PMC3189095,10.1186/1754-1611-5-12,2011
BBa_E1010,PMC3189095,10.1186/1754-1611-5-12,2011
BBa_G00100,PMC3161993,10.1371/journal.pone.0023685,2011
BBa_G00101,PMC3161993,10.1371/journal.pone.0023685,2011
BBa_I712004,PMC3161993,10.1371/journal.pone.0023685,2011
BBa_J52016,PMC3161993,10.1371/journal.pone.0023685,2011
BBa_J63000,PMC3161993,10.1371/journal.pone.0023685,2011
BBa_J63008,PMC3161993,10.1371/journal.pone.0023685,2011
BBa_J96000,PMC3161993,10.1371/journal.pone.0023685,2011
BBa_J96001,PMC3161993,10.1371/journal.pone.0023685,2011
BBa_J96002,PMC3161993,10.1371/journal.pone.0023685,2011
BBa_J96003,PMC3161993,10.1371/journal.pone.0023685,2011
BBa_J96004,PMC3161993,10.1371/journal.pone.0023685,2011
BBa_J96005,PMC3161993,10.1371/journal.pone.0023685,2011
BBa_J96006,PMC3161993,10.1371/journal.pone.0023685,2011
BBa_J96007,PMC3161993,10.1371/journal.pone.0023685,2011
BBa_J96008,PMC3161993,10.1371/journal.pone.0023685,2011
BBa_J96009,PMC3161993,10.1371/journal.pone.0023685,2011
BBa_J96010,PMC3161993,10.1371/journal.pone.0023685,2011
BBa_J96011,PMC3161993,10.1371/journal.pone.0023685,2011
BBa_J96012,PMC3161993,10.1371/journal.pone.0023685,2011
BBa_J96013,PMC3161993,10.1371/journal.pone.0023685,2011
BBa_J96014,PMC3161993,10.1371/journal.pone.0023685,2011
BBa_J96015,PMC3161993,10.1371/journal.pone.0023685,2011
BBa_J96016,PMC3161993,10.1371/journal.pone.0023685,2011
BBa_J96017,PMC3161993,10.1371/journal.pone.0023685,2011
BBa_J96018,PMC3161993,10.1371/journal.pone.0023685,2011
BBa_J96019,PMC3161993,10.1371/journal.pone.0023685,2011
BBa_J96020,PMC3161993,10.1371/journal.pone.0023685,2011
BBa_J96021,PMC3161993,10.1371/journal.pone.0023685,2011
BBa_J96022,PMC3161993,10.1371/journal.pone.0023685,2011
BBa_J96023,PMC3161993,10.1371/journal.pone.0023685,2011
BBa_J96024,PMC3161993,10.1371/journal.pone.0023685,2011
BBa_J96025,PMC3161993,10.1371/journal.pone.0023685,2011
BBa_J96026,PMC3161993,10.1371/journal.pone.0023685,2011
BBa_J96027,PMC3161993,10.1371/journal.pone.0023685,2011
BBa_J96029,PMC3161993,10.1371/journal.pone.0023685,2011
BBa_J96031,PMC3161993,10.1371/journal.pone.0023685,2011
BBa_J96032,PMC3161993,10.1371/journal.pone.0023685,2011
BBa_J96033,PMC3161993,10.1371/journal.pone.0023685,2011
BBa_J96034,PMC3161993,10.1371/journal.pone.0023685,2011
BBa_J96035,PMC3161993,10.1371/journal.pone.0023685,2011
BBa_J96036,PMC3161993,10.1371/journal.pone.0023685,2011
BBa_J96037,PMC3161993,10.1371/journal.pone.0023685,2011
BBa_J96038,PMC3161993,10.1371/journal.pone.0023685,2011
BBa_J96040,PMC3161993,10.1371/journal.pone.0023685,2011
BBa_J96041,PMC3161993,10.1371/journal.pone.0023685,2011
BBa_J96042,PMC3161993,10.1371/journal.pone.0023685,2011
BBa_J96043,PMC3161993,10.1371/journal.pone.0023685,2011
BBa_J96044,PMC3161993,10.1371/journal.pone.0023685,2011
BBa_B0015,PMC3127821,10.1186/1754-1611-5-8,2011
BBa_B0034,PMC3127821,10.1186/1754-1611-5-8,2011
BBa_C0062,PMC3127821,10.1186/1754-1611-5-8,2011
BBa_F2620,PMC3127821,10.1186/1754-1611-5-8,2011
BBa_J107014,PMC3127821,10.1186/1754-1611-5-8,2011
BBa_J23114,PMC3127821,10.1186/1754-1611-5-8,2011
BBa_J23116,PMC3127821,10.1186/1754-1611-5-8,2011
BBa_J23118,PMC3127821,10.1186/1754-1611-5-8,2011
BBa_J61002,PMC3127821,10.1186/1754-1611-5-8,2011
BBa_K098995,PMC3127821,10.1186/1754-1611-5-8,2011
BBa_K112805,PMC3127821,10.1186/1754-1611-5-8,2011
BBa_K112808,PMC3127821,10.1186/1754-1611-5-8,2011
BBa_K173015,PMC3127821,10.1186/1754-1611-5-8,2011
BBa_R0062,PMC3127821,10.1186/1754-1611-5-8,2011
BBa_E0044,PMC3110104,10.1186/1754-1611-5-3,2011
BBa_B0010,PMC3084710,10.1371/journal.pone.0018882,2011
BBa_B0012,PMC3084710,10.1371/journal.pone.0018882,2011
BBa_I0500,PMC3084710,10.1371/journal.pone.0018882,2011
BBa_J23116,PMC3084710,10.1371/journal.pone.0018882,2011
BBa_K112805,PMC3084710,10.1371/journal.pone.0018882,2011
BBa_K112806,PMC3084710,10.1371/journal.pone.0018882,2011
BBa_K112807,PMC3084710,10.1371/journal.pone.0018882,2011
BBa_K112809,PMC3084710,10.1371/journal.pone.0018882,2011
BBa_K104001,PMC3065685,10.1093/bioinformatics/btr048,2011
BBa_B0010,PMC3044748,10.1371/journal.pone.0017005,2011
BBa_B0015,PMC3044748,10.1371/journal.pone.0017005,2011
BBa_I1051,PMC3044748,10.1371/journal.pone.0017005,2011
BBa_I12006,PMC3044748,10.1371/journal.pone.0017005,2011
BBa_I12036,PMC3044748,10.1371/journal.pone.0017005,2011
BBa_I12040,PMC3044748,10.1371/journal.pone.0017005,2011
BBa_I14015,PMC3044748,10.1371/journal.pone.0017005,2011
BBa_I14016,PMC3044748,10.1371/journal.pone.0017005,2011
BBa_I746365,PMC3044748,10.1371/journal.pone.0017005,2011
BBa_R0062,PMC3044748,10.1371/journal.pone.0017005,2011
BBa_E0040,PMC3022552,10.1186/1754-1611-4-17,2010
BBa_G00100,PMC3022552,10.1186/1754-1611-4-17,2010
BBa_G00101,PMC3022552,10.1186/1754-1611-4-17,2010
BBa_G1004,PMC3022552,10.1186/1754-1611-4-17,2010
BBa_G1005,PMC3022552,10.1186/1754-1611-4-17,2010
BBa_J04430,PMC3022552,10.1186/1754-1611-4-17,2010
BBa_J04450,PMC3022552,10.1186/1754-1611-4-17,2010
BBa_J70399,PMC3022552,10.1186/1754-1611-4-17,2010
BBa_J70405,PMC3022552,10.1186/1754-1611-4-17,2010
BBa_J70423,PMC3022552,10.1186/1754-1611-4-17,2010
BBa_J70631,PMC3022552,10.1186/1754-1611-4-17,2010
BBa_R0010,PMC3022552,10.1186/1754-1611-4-17,2010
BBa_B0015,PMC2993646,10.1186/1754-1611-4-14,2010
BBa_B0034,PMC2993646,10.1186/1754-1611-4-14,2010
BBa_C0012,PMC2993646,10.1186/1754-1611-4-14,2010
BBa_I13504,PMC2993646,10.1186/1754-1611-4-14,2010
BBa_J04031,PMC2993646,10.1186/1754-1611-4-14,2010
BBa_J23100,PMC2993646,10.1186/1754-1611-4-14,2010
BBa_J23118,PMC2993646,10.1186/1754-1611-4-14,2010
BBa_F2621,PMC3005925,10.1186/1471-2164-11-S4-S16,2010
BBa_I7100,PMC3005925,10.1186/1471-2164-11-S4-S16,2010
BBa_B0015,PMC2955201,10.1007/s11693-010-9063-2,2010
BBa_I723020,PMC2955201,10.1007/s11693-010-9063-2,2010
BBa_I723023,PMC2955201,10.1007/s11693-010-9063-2,2010
BBa_I723024,PMC2955201,10.1007/s11693-010-9063-2,2010
BBa_I723025,PMC2955201,10.1007/s11693-010-9063-2,2010
BBa_I723026,PMC2955201,10.1007/s11693-010-9063-2,2010
BBa_I723027,PMC2955201,10.1007/s11693-010-9063-2,2010
BBa_I723029,PMC2955201,10.1007/s11693-010-9063-2,2010
BBa_I723030,PMC2955201,10.1007/s11693-010-9063-2,2010
BBa_I723031,PMC2955201,10.1007/s11693-010-9063-2,2010
BBa_I723032,PMC2955201,10.1007/s11693-010-9063-2,2010
BBa_J52008,PMC2955201,10.1007/s11693-010-9063-2,2010
BBa_J61101,PMC2955201,10.1007/s11693-010-9063-2,2010
BBa_B0021,PMC2965240,10.1093/nar/gkq521,2010
BBa_B0015,PMC2926619,10.1093/nar/gkq511,2010
BBa_B0030,PMC2926619,10.1093/nar/gkq511,2010
BBa_J23100,PMC2926619,10.1093/nar/gkq511,2010
BBa_J99001,PMC2926619,10.1093/nar/gkq511,2010
BBa_J99002,PMC2926619,10.1093/nar/gkq511,2010
BBa_B0015,PMC2860132,10.1093/nar/gkq164,2010
BBa_B0034,PMC2860132,10.1093/nar/gkq164,2010
BBa_E0030,PMC2860132,10.1093/nar/gkq164,2010
BBa_E0032,PMC2860132,10.1093/nar/gkq164,2010
BBa_E0034,PMC2860132,10.1093/nar/gkq164,2010
BBa_E0036,PMC2860132,10.1093/nar/gkq164,2010
BBa_E0040,PMC2860132,10.1093/nar/gkq164,2010
BBa_E0430,PMC2860132,10.1093/nar/gkq164,2010
BBa_E0432,PMC2860132,10.1093/nar/gkq164,2010
BBa_E0434,PMC2860132,10.1093/nar/gkq164,2010
BBa_E0436,PMC2860132,10.1093/nar/gkq164,2010
BBa_G00100,PMC2860132,10.1093/nar/gkq164,2010
BBa_G00101,PMC2860132,10.1093/nar/gkq164,2010
BBa_I13401,PMC2860132,10.1093/nar/gkq164,2010
BBa_I13504,PMC2860132,10.1093/nar/gkq164,2010
BBa_R0010,PMC2860132,10.1093/nar/gkq164,2010
BBa_R0040,PMC2860132,10.1093/nar/gkq164,2010
BBa_R0051,PMC2860132,10.1093/nar/gkq164,2010
BBa_B0034,PMC2775486,10.1016/j.cell.2009.04.048,2009
BBa_C0061,PMC2775486,10.1016/j.cell.2009.04.048,2009
BBa_R0065,PMC2775486,10.1016/j.cell.2009.04.048,2009
BBa_R0082,PMC2775486,10.1016/j.cell.2009.04.048,2009
BBa_R0040,PMC2860117,10.1093/nar/gkq086,2010
BBa_G00100,PMC2860130,10.1093/nar/gkq152,2010
BBa_G00101,PMC2860130,10.1093/nar/gkq152,2010
BBa_J18910,PMC2860130,10.1093/nar/gkq152,2010
BBa_J18911,PMC2860130,10.1093/nar/gkq152,2010
BBa_C0056,PMC2858441,10.1038/msb.2010.2,2010
BBa_I13521,PMC2858441,10.1038/msb.2010.2,2010
BBa_I13522,PMC2858441,10.1038/msb.2010.2,2010
BBa_F2620,PMC2796345,10.1155/2010/459760,2010
BBa_B0032,PMC2766624,10.1371/journal.pone.0007569,2009
BBa_E0038,PMC2766624,10.1371/journal.pone.0007569,2009
BBa_E0043,PMC2766624,10.1371/journal.pone.0007569,2009
BBa_E0051,PMC2766624,10.1371/journal.pone.0007569,2009
BBa_J23119,PMC2766624,10.1371/journal.pone.0007569,2009
BBa_J64037,PMC2758716,10.1038/msb.2009.62,2009
BBa_J64038,PMC2758716,10.1038/msb.2009.62,2009
BBa_J64040,PMC2758716,10.1038/msb.2009.62,2009
BBa_I715019,PMC2723075,10.1186/1754-1611-3-11,2009
BBa_I715020,PMC2723075,10.1186/1754-1611-3-11,2009
BBa_I715022,PMC2723075,10.1186/1754-1611-3-11,2009
BBa_I715042,PMC2723075,10.1186/1754-1611-3-11,2009
BBa_I715043,PMC2723075,10.1186/1754-1611-3-11,2009
BBa_I715044,PMC2723075,10.1186/1754-1611-3-11,2009
BBa_J31001,PMC2723075,10.1186/1754-1611-3-11,2009
BBa_J44000,PMC2723075,10.1186/1754-1611-3-11,2009
BBa_S03536,PMC2723075,10.1186/1754-1611-3-11,2009
BBa_S03755,PMC2723075,10.1186/1754-1611-3-11,2009
BBa_S03783,PMC2723075,10.1186/1754-1611-3-11,2009
BBa_S03784,PMC2723075,10.1186/1754-1611-3-11,2009
BBa_B0015,PMC2683166,10.1186/1754-1611-3-4,2009
BBa_E0040,PMC2683166,10.1186/1754-1611-3-4,2009
BBa_E0240,PMC2683166,10.1186/1754-1611-3-4,2009
BBa_I13401,PMC2683166,10.1186/1754-1611-3-4,2009
BBa_I20260,PMC2683166,10.1186/1754-1611-3-4,2009
BBa_J23100,PMC2683166,10.1186/1754-1611-3-4,2009
BBa_J23101,PMC2683166,10.1186/1754-1611-3-4,2009
BBa_J23102,PMC2683166,10.1186/1754-1611-3-4,2009
BBa_J23103,PMC2683166,10.1186/1754-1611-3-4,2009
BBa_J23113,PMC2683166,10.1186/1754-1611-3-4,2009
BBa_J23116,PMC2683166,10.1186/1754-1611-3-4,2009
BBa_J23119,PMC2683166,10.1186/1754-1611-3-4,2009
BBa_J23150,PMC2683166,10.1186/1754-1611-3-4,2009
BBa_J23151,PMC2683166,10.1186/1754-1611-3-4,2009
BBa_R0011,PMC2683166,10.1186/1754-1611-3-4,2009
BBa_R0040,PMC2683166,10.1186/1754-1611-3-4,2009
BBa_B0010,PMC2441434,10.1371/journal.pone.0002671,2008
BBa_B0012,PMC2441434,10.1371/journal.pone.0002671,2008
BBa_B0015,PMC2441434,10.1371/journal.pone.0002671,2008
BBa_B0030,PMC2441434,10.1371/journal.pone.0002671,2008
BBa_B0031,PMC2441434,10.1371/journal.pone.0002671,2008
BBa_B0032,PMC2441434,10.1371/journal.pone.0002671,2008
BBa_B0034,PMC2441434,10.1371/journal.pone.0002671,2008
BBa_E0130,PMC2441434,10.1371/journal.pone.0002671,2008
BBa_E0420,PMC2441434,10.1371/journal.pone.0002671,2008
BBa_E0430,PMC2441434,10.1371/journal.pone.0002671,2008
BBa_E0432,PMC2441434,10.1371/journal.pone.0002671,2008
BBa_I0500,PMC2441434,10.1371/journal.pone.0002671,2008
BBa_I13401,PMC2441434,10.1371/journal.pone.0002671,2008
BBa_I13458,PMC2441434,10.1371/journal.pone.0002671,2008
BBa_I13500,PMC2441434,10.1371/journal.pone.0002671,2008
BBa_I13501,PMC2441434,10.1371/journal.pone.0002671,2008
BBa_I13502,PMC2441434,10.1371/journal.pone.0002671,2008
BBa_I13504,PMC2441434,10.1371/journal.pone.0002671,2008
BBa_I13507,PMC2441434,10.1371/journal.pone.0002671,2008
BBa_I9045,PMC2441434,10.1371/journal.pone.0002671,2008
BBa_J04500,PMC2441434,10.1371/journal.pone.0002671,2008
BBa_J13002,PMC2441434,10.1371/journal.pone.0002671,2008
BBa_P0412,PMC2441434,10.1371/journal.pone.0002671,2008
BBa_P0440,PMC2441434,10.1371/journal.pone.0002671,2008
BBa_Q04121,PMC2441434,10.1371/journal.pone.0002671,2008
BBa_Q04400,PMC2441434,10.1371/journal.pone.0002671,2008
BBa_R0010,PMC2441434,10.1371/journal.pone.0002671,2008
BBa_R0011,PMC2441434,10.1371/journal.pone.0002671,2008
BBa_R0040,PMC2441434,10.1371/journal.pone.0002671,2008
BBa_R0051,PMC2441434,10.1371/journal.pone.0002671,2008
BBa_R0062,PMC2441434,10.1371/journal.pone.0002671,2008
BBa_R0080,PMC2441434,10.1371/journal.pone.0002671,2008
BBa_S01014,PMC2441434,10.1371/journal.pone.0002671,2008
BBa_S01022,PMC2441434,10.1371/journal.pone.0002671,2008
BBa_S03155,PMC2441434,10.1371/journal.pone.0002671,2008
BBa_J31000,PMC2427008,10.1186/1754-1611-2-8,2008
BBa_J31001,PMC2427008,10.1186/1754-1611-2-8,2008
BBa_J31006,PMC2427008,10.1186/1754-1611-2-8,2008
BBa_J31007,PMC2427008,10.1186/1754-1611-2-8,2008
BBa_J31008,PMC2427008,10.1186/1754-1611-2-8,2008
BBa_J3101,PMC2427008,10.1186/1754-1611-2-8,2008
BBa_J31013,PMC2427008,10.1186/1754-1611-2-8,2008
BBa_J44000,PMC2427008,10.1186/1754-1611-2-8,2008
BBa_J44001,PMC2427008,10.1186/1754-1611-2-8,2008
BBa_J44002,PMC2427008,10.1186/1754-1611-2-8,2008
BBa_J44006,PMC2427008,10.1186/1754-1611-2-8,2008
BBa_S03536,PMC2427008,10.1186/1754-1611-2-8,2008
BBa_S03677,PMC2427008,10.1186/1754-1611-2-8,2008
BBa_S03679,PMC2427008,10.1186/1754-1611-2-8,2008
BBa_S03680,PMC2427008,10.1186/1754-1611-2-8,2008
BBa_S03681,PMC2427008,10.1186/1754-1611-2-8,2008
BBa_S03684,PMC2427008,10.1186/1754-1611-2-8,2008
BBa_S03685,PMC2427008,10.1186/1754-1611-2-8,2008
BBa_S03687,PMC2427008,10.1186/1754-1611-2-8,2008
BBa_S03688,PMC2427008,10.1186/1754-1611-2-8,2008
BBa_B0015,PMC2373286,10.1186/1754-1611-2-5,2008
BBa_B0042,PMC2373286,10.1186/1754-1611-2-5,2008
BBa_B0045,PMC2373286,10.1186/1754-1611-2-5,2008
BBa_B0053,PMC2373286,10.1186/1754-1611-2-5,2008
BBa_B0062,PMC2373286,10.1186/1754-1611-2-5,2008
BBa_G00000,PMC2373286,10.1186/1754-1611-2-5,2008
BBa_G00001,PMC2373286,10.1186/1754-1611-2-5,2008
BBa_G00100,PMC2373286,10.1186/1754-1611-2-5,2008
BBa_G00102,PMC2373286,10.1186/1754-1611-2-5,2008
BBa_I50020,PMC2373286,10.1186/1754-1611-2-5,2008
BBa_I50022,PMC2373286,10.1186/1754-1611-2-5,2008
BBa_I50032,PMC2373286,10.1186/1754-1611-2-5,2008
BBa_I50040,PMC2373286,10.1186/1754-1611-2-5,2008
BBa_I50042,PMC2373286,10.1186/1754-1611-2-5,2008
BBa_P1002,PMC2373286,10.1186/1754-1611-2-5,2008
BBa_P1003,PMC2373286,10.1186/1754-1611-2-5,2008
BBa_P1004,PMC2373286,10.1186/1754-1611-2-5,2008
BBa_P1005,PMC2373286,10.1186/1754-1611-2-5,2008
BBa_P1006,PMC2373286,10.1186/1754-1611-2-5,2008
BBa_I5610,PMC2324073,10.1186/1752-0509-2-24,2008
BBa_J45400,PMC2324073,10.1186/1752-0509-2-24,2008
BBa_J61100,PMC1964800,10.1038/msb4100173,2007
BBa_J23119,PMC7734702,10.1021/acs.molpharmaceut.5b00822,2016
BBa_J61132,PMC7372534,10.1021/acssynbio.9b00348,2019
BBa_B0015,PMC7513740,10.1093/synbio/ysx003,2017
BBa_I13500,PMC7513740,10.1093/synbio/ysx003,2017
BBa_K093005,PMC7513740,10.1093/synbio/ysx003,2017
BBa_R0040,PMC7513740,10.1093/synbio/ysx003,2017
BBa_K2448023,PMC7445875,10.1093/synbio/ysz028,2019
BBa_K2448025,PMC7445875,10.1093/synbio/ysz028,2019
BBa_K2448026,PMC7445875,10.1093/synbio/ysz028,2019
BBa_K2448027,PMC7445875,10.1093/synbio/ysz028,2019
BBa_K2448028,PMC7445875,10.1093/synbio/ysz028,2019
BBa_K2448029,PMC7445875,10.1093/synbio/ysz028,2019
BBa_K2448030,PMC7445875,10.1093/synbio/ysz028,2019
BBa_K2448031,PMC7445875,10.1093/synbio/ysz028,2019
BBa_K2448033,PMC7445875,10.1093/synbio/ysz028,2019
BBa_K2448054,PMC7445875,10.1093/synbio/ysz028,2019
BBa_K2448057,PMC7445875,10.1093/synbio/ysz028,2019
BBa_K2448058,PMC7445875,10.1093/synbio/ysz028,2019
BBa_B0012,PMC7445774,10.1093/synbio/ysz026,2019
BBa_B0013,PMC7445774,10.1093/synbio/ysz026,2019
BBa_J23119,PMC6724726,10.1021/acssynbio.9b00229,2019
BBa_J23100,PMC7462352,10.1021/acsami.9b12169,2019
BBa_B0015,PMC7445879,10.1093/synbio/ysy014,2018
BBa_B0030,PMC7445879,10.1093/synbio/ysy014,2018
BBa_B0032,PMC7445879,10.1093/synbio/ysy014,2018
BBa_B0034,PMC7445879,10.1093/synbio/ysy014,2018
BBa_C0012,PMC7445879,10.1093/synbio/ysy014,2018
BBa_C0040,PMC7445879,10.1093/synbio/ysy014,2018
BBa_C0051,PMC7445879,10.1093/synbio/ysy014,2018
BBa_C0062,PMC7445879,10.1093/synbio/ysy014,2018
BBa_E0040,PMC7445879,10.1093/synbio/ysy014,2018
BBa_E0240,PMC7445879,10.1093/synbio/ysy014,2018
BBa_I13453,PMC7445879,10.1093/synbio/ysy014,2018
BBa_I712074,PMC7445879,10.1093/synbio/ysy014,2018
BBa_K145001,PMC7445879,10.1093/synbio/ysy014,2018
BBa_R0051,PMC7445879,10.1093/synbio/ysy014,2018
BBa_R0062,PMC7445879,10.1093/synbio/ysy014,2018
BBa_R0080,PMC7445879,10.1093/synbio/ysy014,2018
BBa_B0034,PMC7445755,10.1093/synbio/ysy016,2018
BBa_I719005,PMC7445755,10.1093/synbio/ysy016,2018
BBa_J23101,PMC7445755,10.1093/synbio/ysy016,2018
BBa_J23104,PMC7445755,10.1093/synbio/ysy016,2018
BBa_K1149052,PMC7445755,10.1093/synbio/ysy016,2018
BBa_K608002,PMC7445755,10.1093/synbio/ysy016,2018
BBa_K934001,PMC7445755,10.1093/synbio/ysy016,2018
BBa_B0015,PMC7445781,10.1093/synbio/ysz020,2019
BBa_J100342,PMC7445756,10.1093/synbio/ysy013,2018
BBa_J100435,PMC7445756,10.1093/synbio/ysy013,2018
BBa_J119361,PMC7445756,10.1093/synbio/ysy013,2018
BBa_B0034,PMC7388967,10.1016/j.tcsw.2019.100025,2019
BBa_J23100,PMC7388967,10.1016/j.tcsw.2019.100025,2019
BBa_J23105,PMC6879826,10.1038/s41564-019-0553-z,2019
BBa_J23117,PMC6879826,10.1038/s41564-019-0553-z,2019
BBa_K864501,PMC6338483,10.1016/j.molcel.2018.11.008,2018
BBa_B0015,PMC6941894,10.7554/eLife.53535.sa2,2019
BBa_J72090,PMC6950413,10.3390/md17120679,2019
BBa_J04450,PMC6887778,10.3390/ijms20225702,2019
BBa_J23119,PMC6922533,10.1111/1751-7915.13382,2019
BBa_B0025,PMC6920698,10.15252/msb.20188777,2019
BBa_J23119,PMC6910239,10.1016/j.celrep.2019.10.017,2019
BBa_K864100,PMC6873163,10.1523/ENEURO.0193-19.2019,2019
BBa_J95023,PMC6876111,10.1186/s12934-019-1255-1,2019
BBa_J95029,PMC6876111,10.1186/s12934-019-1255-1,2019
BBa_B1002,PMC6186506,10.1016/j.jmb.2018.09.003,2018
BBa_J23106,PMC6801132,10.1111/1751-7915.13489,2019
BBa_J23119,PMC6801132,10.1111/1751-7915.13489,2019
BBa_B0034,PMC6717505,10.7717/peerj.7529,2019
BBa_B0064,PMC6717505,10.7717/peerj.7529,2019
BBa_J23100,PMC6753613,10.1186/s13068-019-1563-z,2019
BBa_K567018,PMC6710347,10.3389/fbioe.2019.00200,2019
BBa_B0010,PMC6723963,10.3390/microorganisms7080263,2019
BBa_J23100,PMC6710252,10.1038/s41467-019-11479-0,2019
BBa_J23106,PMC6710252,10.1038/s41467-019-11479-0,2019
BBa_J23108,PMC6710252,10.1038/s41467-019-11479-0,2019
BBa_J23114,PMC6710252,10.1038/s41467-019-11479-0,2019
BBa_J23119,PMC6662922,10.1007/978-981-13-0854-3_12,2018
BBa_R0010,PMC6662922,10.1007/978-981-13-0854-3_12,2018
BBa_R0040,PMC6662922,10.1007/978-981-13-0854-3_12,2018
BBa_R0051,PMC6662922,10.1007/978-981-13-0854-3_12,2018
BBa_B0030,PMC6570905,10.1186/s12915-019-0666-0,2019
BBa_J04450,PMC6547659,10.1038/s41467-019-10455-y,2019
BBa_J23100,PMC6560909,10.1186/s12934-019-1153-6,2019
BBa_B0030,PMC6560813,10.1007/s11104-017-3440-5,2017
BBa_J23104,PMC6560813,10.1007/s11104-017-3440-5,2017
BBa_B0030,PMC6562117,10.1002/mbo3.753,2019
BBa_B0015,PMC6563500,10.3390/toxins11050259,2019
BBa_K2382003,PMC6563500,10.3390/toxins11050259,2019
BBa_K1468000,PMC6567493,10.1186/s12934-019-1160-7,2019
BBa_J23100,PMC6492952,10.1021/acssynbio.9b00017,2019
BBa_J23114,PMC6492952,10.1021/acssynbio.9b00017,2019
BBa_J23118,PMC6492952,10.1021/acssynbio.9b00017,2019
BBa_I13522,PMC6463139,10.3390/life9010030,2019
BBa_K808000,PMC6463139,10.3390/life9010030,2019
BBa_K1218022,PMC6502794,10.1038/s41598-019-43316-1,2019
BBa_K1218026,PMC6502794,10.1038/s41598-019-43316-1,2019
BBa_K1468000,PMC6525309,10.1016/j.synbio.2019.04.001,2019
BBa_J23100,PMC6498506,10.1186/s12934-019-1129-6,2019
BBa_K1529320,PMC6478669,10.3389/fbioe.2019.00080,2019
BBa_I746916,PMC6402643,10.1371/journal.pone.0210940,2019
BBa_K1758100,PMC6402643,10.1371/journal.pone.0210940,2019
BBa_K1758101,PMC6402643,10.1371/journal.pone.0210940,2019
BBa_K1758102,PMC6402643,10.1371/journal.pone.0210940,2019
BBa_K1758106,PMC6402643,10.1371/journal.pone.0210940,2019
BBa_K1758122,PMC6402643,10.1371/journal.pone.0210940,2019
BBa_K1758340,PMC6402643,10.1371/journal.pone.0210940,2019
BBa_K1758344,PMC6402643,10.1371/journal.pone.0210940,2019
BBa_K1758370,PMC6402643,10.1371/journal.pone.0210940,2019
BBa_K1758376,PMC6402643,10.1371/journal.pone.0210940,2019
BBa_K1758377,PMC6402643,10.1371/journal.pone.0210940,2019
BBa_K608002,PMC6402643,10.1371/journal.pone.0210940,2019
BBa_B1006,PMC6423740,10.1186/s12934-019-1106-0,2019
BBa_J23100,PMC6423740,10.1186/s12934-019-1106-0,2019
BBa_J23104,PMC6423740,10.1186/s12934-019-1106-0,2019
BBa_J23109,PMC6423740,10.1186/s12934-019-1106-0,2019
BBa_J23116,PMC6423740,10.1186/s12934-019-1106-0,2019
BBa_J23118,PMC6423740,10.1186/s12934-019-1106-0,2019
BBa_J23119,PMC5935466,10.1016/j.molcel.2018.02.028,2018
BBa_B0014,PMC6417218,10.1186/s13068-019-1399-6,2019
BBa_K1122676,PMC6426972,10.1038/s41598-019-41300-3,2019
BBa_B1006,PMC6450877,10.1038/s41467-019-09534-x,2019
BBa_K145201,PMC6450877,10.1038/s41467-019-09534-x,2019
BBa_R0040,PMC6450877,10.1038/s41467-019-09534-x,2019
BBa_B0015,PMC5866243,10.1016/j.cell.2018.02.034,2018
BBa_B0015,PMC5832616,10.1016/j.cels.2018.01.010,2018
BBa_B0034,PMC5832616,10.1016/j.cels.2018.01.010,2018
BBa_C0040,PMC5832616,10.1016/j.cels.2018.01.010,2018
BBa_E0040,PMC5832616,10.1016/j.cels.2018.01.010,2018
BBa_J23104,PMC5832616,10.1016/j.cels.2018.01.010,2018
BBa_J04450,PMC6389913,10.1038/s41467-019-08888-6,2019
BBa_J23119,PMC6372684,10.1038/s41598-018-37949-x,2019
BBa_J04450,PMC6364498,10.1002/advs.201801309,2018
BBa_J23119,PMC5807002,10.1021/acs.biochem.7b01170,2017
BBa_J23100,PMC6303309,10.1038/s41467-018-07899-z,2018
BBa_J23116,PMC6303309,10.1038/s41467-018-07899-z,2018
BBa_B0015,PMC6320932,10.3390/molecules23123185,2018
BBa_B0034,PMC6320932,10.3390/molecules23123185,2018
BBa_B1006,PMC6320932,10.3390/molecules23123185,2018
BBa_R0051,PMC6320932,10.3390/molecules23123185,2018
BBa_K243006,PMC6314542,10.1083/jcb.201809107,2019
BBa_F2620,PMC6339355,10.1186/s13036-019-0141-z,2019
BBa_B1001,PMC6267845,10.1186/s12934-018-1038-0,2018
BBa_J23105,PMC6267845,10.1186/s12934-018-1038-0,2018
BBa_J23109,PMC6267845,10.1186/s12934-018-1038-0,2018
BBa_J23114,PMC6267845,10.1186/s12934-018-1038-0,2018
BBa_J23119,PMC6250736,10.1038/s41467-018-07144-7,2018
BBa_J23101,PMC6237744,10.1093/nar/gky884,2018
BBa_B0030,PMC6296438,10.3390/pr6090167,2018
BBa_B1007,PMC6261649,10.1126/sciadv.aat5771,2018
BBa_J23101,PMC6263354,10.15252/msb.20188605,2018
BBa_J23119,PMC6263354,10.15252/msb.20188605,2018
BBa_J23150,PMC6263354,10.15252/msb.20188605,2018
BBa_J23101,PMC6212724,10.1093/nar/gky709,2018
BBa_J23100,PMC6228582,10.7717/peerj.5862,2018
BBa_J23101,PMC6228582,10.7717/peerj.5862,2018
BBa_J23102,PMC6228582,10.7717/peerj.5862,2018
BBa_J23104,PMC6228582,10.7717/peerj.5862,2018
BBa_J23105,PMC6228582,10.7717/peerj.5862,2018
BBa_J23106,PMC6228582,10.7717/peerj.5862,2018
BBa_J23107,PMC6228582,10.7717/peerj.5862,2018
BBa_J23108,PMC6228582,10.7717/peerj.5862,2018
BBa_J23109,PMC6228582,10.7717/peerj.5862,2018
BBa_J23110,PMC6228582,10.7717/peerj.5862,2018
BBa_J23111,PMC6228582,10.7717/peerj.5862,2018
BBa_J23112,PMC6228582,10.7717/peerj.5862,2018
BBa_J23113,PMC6228582,10.7717/peerj.5862,2018
BBa_J23114,PMC6228582,10.7717/peerj.5862,2018
BBa_J23115,PMC6228582,10.7717/peerj.5862,2018
BBa_J23116,PMC6228582,10.7717/peerj.5862,2018
BBa_J23117,PMC6228582,10.7717/peerj.5862,2018
BBa_J23118,PMC6228582,10.7717/peerj.5862,2018
BBa_B0015,PMC6099721,10.3390/molecules23061328,2018
BBa_B0035,PMC6099721,10.3390/molecules23061328,2018
BBa_J23100,PMC6099721,10.3390/molecules23061328,2018
BBa_J97001,PMC6099721,10.3390/molecules23061328,2018
BBa_K125340,PMC6099721,10.3390/molecules23061328,2018
BBa_K864400,PMC6099721,10.3390/molecules23061328,2018
BBa_J23100,PMC6212791,10.1093/nar/gky596,2018
BBa_T9002,PMC6150374,10.3390/molecules22111975,2017
BBa_T9002,PMC6164843,10.3390/biom8030087,2018
BBa_B1006,PMC6209979,10.3390/genes9100473,2018
BBa_B0015,PMC6158846,10.1186/s13068-018-1268-8,2018
BBa_J04500,PMC6182181,10.1093/nar/gky785,2018
BBa_C0261,PMC6133276,10.1371/journal.pone.0198058,2018
BBa_B0011,PMC6127294,10.1038/s41467-018-05857-3,2018
BBa_B0015,PMC6127294,10.1038/s41467-018-05857-3,2018
BBa_E1010,PMC6127294,10.1038/s41467-018-05857-3,2018
BBa_J23106,PMC6115493,10.3389/fbioe.2018.00118,2018
BBa_J23113,PMC6115493,10.3389/fbioe.2018.00118,2018
BBa_J23114,PMC6115493,10.3389/fbioe.2018.00118,2018
BBa_J23100,PMC6127279,10.1038/s41467-018-05830-0,2018
BBa_J23118,PMC6127279,10.1038/s41467-018-05830-0,2018
BBa_K1365020,PMC6125409,10.1038/s41598-018-31482-7,2018
BBa_K773003,PMC6125409,10.1038/s41598-018-31482-7,2018
BBa_B0032,PMC6114898,10.1371/journal.pcbi.1006170,2018
BBa_B1006,PMC6114898,10.1371/journal.pcbi.1006170,2018
BBa_B0034,PMC6112618,10.1371/journal.pbio.2003853,2018
BBa_B0034,PMC6128845,10.1038/s41467-018-05995-8,2018
BBa_B0034,PMC6107141,10.1371/journal.pone.0202294,2018
BBa_C0078,PMC6107141,10.1371/journal.pone.0202294,2018
BBa_C0161,PMC6107141,10.1371/journal.pone.0202294,2018
BBa_C0170,PMC6107141,10.1371/journal.pone.0202294,2018
BBa_E0240,PMC6107141,10.1371/journal.pone.0202294,2018
BBa_F2620,PMC6107141,10.1371/journal.pone.0202294,2018
BBa_J06702,PMC6107141,10.1371/journal.pone.0202294,2018
BBa_K1421006,PMC6107141,10.1371/journal.pone.0202294,2018
BBa_K1670004,PMC6107141,10.1371/journal.pone.0202294,2018
BBa_K2033000,PMC6107141,10.1371/journal.pone.0202294,2018
BBa_K2033002,PMC6107141,10.1371/journal.pone.0202294,2018
BBa_K2033004,PMC6107141,10.1371/journal.pone.0202294,2018
BBa_K2033006,PMC6107141,10.1371/journal.pone.0202294,2018
BBa_K2033008,PMC6107141,10.1371/journal.pone.0202294,2018
BBa_R0040,PMC6107141,10.1371/journal.pone.0202294,2018
BBa_C0051,PMC6090650,10.1186/s13036-018-0105-8,2018
BBa_I15008,PMC6090650,10.1186/s13036-018-0105-8,2018
BBa_I15009,PMC6090650,10.1186/s13036-018-0105-8,2018
BBa_I15010,PMC6090650,10.1186/s13036-018-0105-8,2018
BBa_I716211,PMC6090650,10.1186/s13036-018-0105-8,2018
BBa_K112808,PMC6090650,10.1186/s13036-018-0105-8,2018
BBa_K115001,PMC6090650,10.1186/s13036-018-0105-8,2018
BBa_K115002,PMC6090650,10.1186/s13036-018-0105-8,2018
BBa_K1159103,PMC6090650,10.1186/s13036-018-0105-8,2018
BBa_K1159104,PMC6090650,10.1186/s13036-018-0105-8,2018
BBa_K1159105,PMC6090650,10.1186/s13036-018-0105-8,2018
BBa_K1159111,PMC6090650,10.1186/s13036-018-0105-8,2018
BBa_K1159303,PMC6090650,10.1186/s13036-018-0105-8,2018
BBa_K1159315,PMC6090650,10.1186/s13036-018-0105-8,2018
BBa_K1172901,PMC6090650,10.1186/s13036-018-0105-8,2018
BBa_K1172904,PMC6090650,10.1186/s13036-018-0105-8,2018
BBa_K1416000,PMC6090650,10.1186/s13036-018-0105-8,2018
BBa_K1493601,PMC6090650,10.1186/s13036-018-0105-8,2018
BBa_K1493603,PMC6090650,10.1186/s13036-018-0105-8,2018
BBa_K1707013,PMC6090650,10.1186/s13036-018-0105-8,2018
BBa_K1774000,PMC6090650,10.1186/s13036-018-0105-8,2018
BBa_K1783001,PMC6090650,10.1186/s13036-018-0105-8,2018
BBa_K1879000,PMC6090650,10.1186/s13036-018-0105-8,2018
BBa_K1976025,PMC6090650,10.1186/s13036-018-0105-8,2018
BBa_K525998,PMC6090650,10.1186/s13036-018-0105-8,2018
BBa_K539461,PMC6090650,10.1186/s13036-018-0105-8,2018
BBa_K539653,PMC6090650,10.1186/s13036-018-0105-8,2018
BBa_K539691,PMC6090650,10.1186/s13036-018-0105-8,2018
BBa_K597105,PMC6090650,10.1186/s13036-018-0105-8,2018
BBa_K801031,PMC6090650,10.1186/s13036-018-0105-8,2018
BBa_K817015,PMC6090650,10.1186/s13036-018-0105-8,2018
BBa_K823044,PMC6090650,10.1186/s13036-018-0105-8,2018
BBa_K914000,PMC6090650,10.1186/s13036-018-0105-8,2018
BBa_K914001,PMC6090650,10.1186/s13036-018-0105-8,2018
BBa_K914002,PMC6090650,10.1186/s13036-018-0105-8,2018
BBa_K914009,PMC6090650,10.1186/s13036-018-0105-8,2018
BBa_P1003,PMC6090650,10.1186/s13036-018-0105-8,2018
BBa_R0051,PMC6090650,10.1186/s13036-018-0105-8,2018
BBa_K1604010,PMC6092124,10.7554/eLife.36608.018,2018
BBa_K1486003,PMC6078323,10.1371/journal.pntd.0006371,2018
BBa_B0015,PMC6066503,10.3389/fmicb.2018.01662,2018
BBa_B0034,PMC6066503,10.3389/fmicb.2018.01662,2018
BBa_E0030,PMC6066503,10.3389/fmicb.2018.01662,2018
BBa_B1001,PMC6036698,10.1186/s12934-018-0955-2,2018
BBa_J23114,PMC6036698,10.1186/s12934-018-0955-2,2018
BBa_J23103,PMC6050291,10.1038/s41467-018-05071-1,2018
BBa_B0034,PMC6029103,10.1128/AEM.00700-18,2018
BBa_J23100,PMC6011247,10.1186/s13068-018-1170-4,2018
BBa_J23109,PMC6011247,10.1186/s13068-018-1170-4,2018
BBa_J23119,PMC6011247,10.1186/s13068-018-1170-4,2018
BBa_J23100,PMC6035261,10.1038/s41598-018-28575-8,2018
BBa_J23107,PMC6021436,10.1038/s41467-018-04901-6,2018
BBa_J23117,PMC6021436,10.1038/s41467-018-04901-6,2018
BBa_J23119,PMC6021436,10.1038/s41467-018-04901-6,2018
BBa_J23104,PMC6019500,10.3389/fmicb.2018.01344,2018
BBa_B0034,PMC5946454,10.1186/s13036-018-0100-0,2018
BBa_J23110,PMC5946454,10.1186/s13036-018-0100-0,2018
BBa_J23116,PMC5946454,10.1186/s13036-018-0100-0,2018
BBa_J23104,PMC5884034,10.1155/2018/9235605,2018
BBa_B0034,PMC5892457,10.1016/j.enzmictec.2018.02.004,2018
BBa_J33207,PMC5892457,10.1016/j.enzmictec.2018.02.004,2018
BBa_K274002,PMC5896143,10.1186/s12896-018-0428-z,2018
BBa_J23100,PMC5899134,10.1038/s41467-018-03970-x,2018
BBa_J23106,PMC5899134,10.1038/s41467-018-03970-x,2018
BBa_J23113,PMC5899134,10.1038/s41467-018-03970-x,2018
BBa_J23114,PMC5899134,10.1038/s41467-018-03970-x,2018
BBa_J23115,PMC5899134,10.1038/s41467-018-03970-x,2018
BBa_K325219,PMC5899134,10.1038/s41467-018-03970-x,2018
BBa_J63009,PMC5880407,10.1371/journal.pgen.1007029,2018
BBa_K165004,PMC5880407,10.1371/journal.pgen.1007029,2018
BBa_B0015,PMC5906472,10.1038/s41467-018-04026-w,2018
BBa_B0029,PMC5834881,10.1186/s12934-018-0882-2,2018
BBa_B0030,PMC5834881,10.1186/s12934-018-0882-2,2018
BBa_B0031,PMC5834881,10.1186/s12934-018-0882-2,2018
BBa_B0032,PMC5834881,10.1186/s12934-018-0882-2,2018
BBa_B0033,PMC5834881,10.1186/s12934-018-0882-2,2018
BBa_B0034,PMC5834881,10.1186/s12934-018-0882-2,2018
BBa_B0035,PMC5834881,10.1186/s12934-018-0882-2,2018
BBa_B0064,PMC5834881,10.1186/s12934-018-0882-2,2018
BBa_J23110,PMC5856393,10.1186/s13036-018-0094-7,2018
BBa_B0015,PMC5820654,10.1021/acssynbio.7b00328,2017
BBa_E0840,PMC5820654,10.1021/acssynbio.7b00328,2017
BBa_J23110,PMC5802803,10.1038/s41467-018-02944-3,2018
BBa_B0034,PMC5814443,10.1038/s41467-018-02898-6,2018
BBa_J23105,PMC5235966,10.1016/j.cell.2016.12.009,2016
BBa_J23119,PMC5235966,10.1016/j.cell.2016.12.009,2016
BBa_J23100,PMC5758686,10.1038/s41467-017-02498-w,2018
BBa_J23103,PMC5758686,10.1038/s41467-017-02498-w,2018
BBa_J23105,PMC5758686,10.1038/s41467-017-02498-w,2018
BBa_J23109,PMC5758686,10.1038/s41467-017-02498-w,2018
BBa_J23114,PMC5758686,10.1038/s41467-017-02498-w,2018
BBa_K598019,PMC5749717,10.1371/journal.pone.0189892,2018
BBa_B0010,PMC5737548,10.1093/nar/gkx530,2017
BBa_B0012,PMC5737548,10.1093/nar/gkx530,2017
BBa_B0032,PMC5737548,10.1093/nar/gkx530,2017
BBa_J23101,PMC5737548,10.1093/nar/gkx530,2017
BBa_J23119,PMC5737548,10.1093/nar/gkx530,2017
BBa_J23119,PMC5696343,10.1038/s41467-017-01873-x,2017
BBa_J23100,PMC5725713,10.1002/bit.26446,2017
BBa_J23117,PMC5725713,10.1002/bit.26446,2017
BBa_J23100,PMC5711951,10.1038/s41598-017-17114-6,2017
BBa_B0034,PMC5699533,10.1016/j.meteno.2017.07.003,2017
BBa_J45700,PMC5727464,10.1093/nar/gkx859,2017
BBa_J45900,PMC5727464,10.1093/nar/gkx859,2017
BBa_B1007,PMC5723102,10.1186/s12918-017-0492-3,2017
BBa_B0015,PMC5729246,10.1186/s13036-017-0090-3,2017
BBa_B0030,PMC5729246,10.1186/s13036-017-0090-3,2017
BBa_B0031,PMC5729246,10.1186/s13036-017-0090-3,2017
BBa_B0033,PMC5729246,10.1186/s13036-017-0090-3,2017
BBa_B0034,PMC5729246,10.1186/s13036-017-0090-3,2017
BBa_J107029,PMC5729246,10.1186/s13036-017-0090-3,2017
BBa_J23100,PMC5729246,10.1186/s13036-017-0090-3,2017
BBa_J23101,PMC5729246,10.1186/s13036-017-0090-3,2017
BBa_K173001,PMC5729246,10.1186/s13036-017-0090-3,2017
BBa_T9002,PMC5665492,10.1371/journal.pone.0185722,2017
BBa_J23100,PMC5658605,10.1111/1751-7915.12721,2017
BBa_J23101,PMC5658605,10.1111/1751-7915.12721,2017
BBa_J23105,PMC5658605,10.1111/1751-7915.12721,2017
BBa_J23117,PMC5658605,10.1111/1751-7915.12721,2017
BBa_J23118,PMC5658605,10.1111/1751-7915.12721,2017
BBa_I732902,PMC5678133,10.1038/s41598-017-15107-z,2017
BBa_K823055,PMC5678133,10.1038/s41598-017-15107-z,2017
BBa_J23100,PMC5664571,10.1186/s13036-017-0075-2,2017
BBa_J23119,PMC5664571,10.1186/s13036-017-0075-2,2017
BBa_B0015,PMC5648810,10.1038/s41598-017-12649-0,2017
BBa_B0034,PMC5648810,10.1038/s41598-017-12649-0,2017
BBa_E0040,PMC5648810,10.1038/s41598-017-12649-0,2017
BBa_I13504,PMC5648810,10.1038/s41598-017-12649-0,2017
BBa_K823051,PMC5658365,10.1038/s41598-017-14329-5,2017
BBa_J72113,PMC5591321,10.3389/fcimb.2017.00391,2017
BBa_J72152,PMC5591321,10.3389/fcimb.2017.00391,2017
BBa_J23119,PMC5583362,10.1038/s41467-017-00511-w,2017
BBa_K1122676,PMC5606085,10.1186/s13068-017-0902-1,2017
BBa_B0034,PMC5559607,10.1038/s41598-017-08660-0,2017
BBa_B0034,PMC5550456,10.1038/s41598-017-08032-8,2017
BBa_K1017202,PMC5550456,10.1038/s41598-017-08032-8,2017
BBa_B0034,PMC5549365,10.1186/s13068-017-0881-2,2017
BBa_J23116,PMC5499576,10.1093/nar/gkx465,2017
BBa_J04450,PMC5493761,10.1038/ncomms15974,2017
BBa_K1604010,PMC5493761,10.1038/ncomms15974,2017
BBa_B0010,PMC5458116,10.1038/ncomms15336,2017
BBa_B0032,PMC5458116,10.1038/ncomms15336,2017
BBa_B0034,PMC5458116,10.1038/ncomms15336,2017
BBa_B0035,PMC5458116,10.1038/ncomms15336,2017
BBa_J23107,PMC5458116,10.1038/ncomms15336,2017
BBa_B0030,PMC5457738,10.1186/s12896-017-0369-y,2017
BBa_K173016,PMC5457738,10.1186/s12896-017-0369-y,2017
BBa_K173017,PMC5457738,10.1186/s12896-017-0369-y,2017
BBa_K173022,PMC5457738,10.1186/s12896-017-0369-y,2017
BBa_R0062,PMC5457738,10.1186/s12896-017-0369-y,2017
BBa_J23100,PMC5480111,10.1186/s13068-017-0847-4,2017
BBa_I13453,PMC5396932,10.1371/journal.pone.0176013,2017
BBa_J23100,PMC5396932,10.1371/journal.pone.0176013,2017
BBa_R0040,PMC5396932,10.1371/journal.pone.0176013,2017
BBa_B0015,PMC5388541,10.7554/eLife.23702.021,2017
BBa_B0034,PMC5388541,10.7554/eLife.23702.021,2017
BBa_C0012,PMC5388541,10.7554/eLife.23702.021,2017
BBa_C0040,PMC5388541,10.7554/eLife.23702.021,2017
BBa_C0062,PMC5388541,10.7554/eLife.23702.021,2017
BBa_E0240,PMC5388541,10.7554/eLife.23702.021,2017
BBa_J06702,PMC5388541,10.7554/eLife.23702.021,2017
BBa_K176000,PMC5388541,10.7554/eLife.23702.021,2017
BBa_K176002,PMC5388541,10.7554/eLife.23702.021,2017
BBa_K176009,PMC5388541,10.7554/eLife.23702.021,2017
BBa_J61101,PMC5418352,10.3389/fmicb.2017.00812,2017
BBa_K592010,PMC5418352,10.3389/fmicb.2017.00812,2017
BBa_B0010,PMC5037000,10.1002/bit.26006,2016
BBa_B0034,PMC5408782,10.15252/msb.20167416,2017
BBa_B0030,PMC5436071,10.1038/ncomms14737,2017
BBa_B0032,PMC5436071,10.1038/ncomms14737,2017
BBa_J23100,PMC5436071,10.1038/ncomms14737,2017
BBa_J23101,PMC5436071,10.1038/ncomms14737,2017
BBa_J61101,PMC5436071,10.1038/ncomms14737,2017
BBa_J61130,PMC5436071,10.1038/ncomms14737,2017
BBa_E0040,PMC5364535,10.1038/srep45169,2017
BBa_B0030,PMC5324202,10.1186/s12934-017-0645-5,2017
BBa_B0034,PMC5324202,10.1186/s12934-017-0645-5,2017
BBa_K404129,PMC5294666,10.1016/j.heliyon.2017.e00238,2017
BBa_K143050,PMC5248484,10.1186/s12859-017-1484-4,2017
BBa_J23100,PMC5251296,10.1186/s13068-017-0707-2,2017
BBa_K801010,PMC5162094,10.1186/s13036-016-0040-5,2016
BBa_K801012,PMC5162094,10.1186/s13036-016-0040-5,2016
BBa_J23119,PMC5175191,10.1038/srep39681,2016
BBa_B0015,PMC5001607,10.1093/nar/gkw548,2016
BBa_B0034,PMC5001607,10.1093/nar/gkw548,2016
BBa_J23100,PMC5001607,10.1093/nar/gkw548,2016
BBa_E0040,PMC5191153,10.3390/s16122174,2016
BBa_B0015,PMC5114575,10.1038/srep36640,2016
BBa_B0029,PMC5114575,10.1038/srep36640,2016
BBa_B0030,PMC5114575,10.1038/srep36640,2016
BBa_B0031,PMC5114575,10.1038/srep36640,2016
BBa_B0035,PMC5114575,10.1038/srep36640,2016
BBa_J23107,PMC4997321,10.1038/srep32208,2016
BBa_J23116,PMC4997321,10.1038/srep32208,2016
BBa_J23118,PMC4997321,10.1038/srep32208,2016
BBa_K1122673,PMC5072187,10.1111/1751-7915.12408,2016
BBa_J23101,PMC5009755,10.1093/nar/gkw624,2016
BBa_J23100,PMC4983090,10.1186/s12934-016-0536-1,2016
BBa_B0015,PMC5023225,10.1021/acssynbio.5b00116,2015
BBa_B0034,PMC5023225,10.1021/acssynbio.5b00116,2015
BBa_E0020,PMC5023225,10.1021/acssynbio.5b00116,2015
BBa_E0030,PMC5023225,10.1021/acssynbio.5b00116,2015
BBa_J23101,PMC5023225,10.1021/acssynbio.5b00116,2015
BBa_K729016,PMC4941783,10.7717/peerj.2031,2016
BBa_B0014,PMC4942831,10.1038/srep29745,2016
BBa_B0015,PMC4942831,10.1038/srep29745,2016
BBa_J61048,PMC4942831,10.1038/srep29745,2016
BBa_B1002,PMC4889929,10.1093/nar/gkw125,2016
BBa_B1006,PMC4889929,10.1093/nar/gkw125,2016
BBa_K145001,PMC4889929,10.1093/nar/gkw125,2016
BBa_J23100,PMC4911592,10.1038/srep28223,2016
BBa_B0033,PMC4947003,10.1021/acssynbio.6b00057,2016
BBa_B0034,PMC4947003,10.1021/acssynbio.6b00057,2016
BBa_J23100,PMC4947003,10.1021/acssynbio.6b00057,2016
BBa_J23109,PMC4947003,10.1021/acssynbio.6b00057,2016
BBa_B0010,PMC4938672,10.1534/g3.116.029405,2016
BBa_B0010,PMC4879669,10.1038/srep26572,2016
BBa_B0015,PMC4890671,10.1242/bio.017129,2016
BBa_B0010,PMC4877998,10.1186/s13068-016-0526-x,2016
BBa_K780000,PMC4877998,10.1186/s13068-016-0526-x,2016
BBa_B0015,PMC4869064,10.1038/srep26065,2016
BBa_K515100,PMC4869064,10.1038/srep26065,2016
BBa_R0010,PMC4869064,10.1038/srep26065,2016
BBa_B0054,PMC4838831,10.1038/ncomms11179,2016
BBa_B0040,PMC4821882,10.1038/ncomms11163,2016
BBa_J23118,PMC4821882,10.1038/ncomms11163,2016
BBa_J72090,PMC4821882,10.1038/ncomms11163,2016
BBa_B0014,PMC4826498,10.1186/s12934-016-0458-y,2016
BBa_B0032,PMC4835807,10.1038/srep24725,2016
BBa_B0034,PMC4835807,10.1038/srep24725,2016
BBa_I741018,PMC4835807,10.1038/srep24725,2016
BBa_J23100,PMC4806288,10.1038/srep23635,2016
BBa_J23101,PMC4806288,10.1038/srep23635,2016
BBa_J23104,PMC4806288,10.1038/srep23635,2016
BBa_E1010,PMC4731010,10.15252/msb.20156590,2016
BBa_I0500,PMC4731010,10.15252/msb.20156590,2016
BBa_R0051,PMC4731010,10.15252/msb.20156590,2016
BBa_I13521,PMC4745014,10.1038/srep20608,2016
BBa_I712019,PMC4745014,10.1038/srep20608,2016
BBa_B0015,PMC4747948,10.1186/s13568-016-0183-2,2016
BBa_J107029,PMC4752771,10.1186/s12575-016-0036-z,2016
BBa_J107077,PMC4752771,10.1186/s12575-016-0036-z,2016
BBa_J107112,PMC4752771,10.1186/s12575-016-0036-z,2016
BBa_J23101,PMC4752771,10.1186/s12575-016-0036-z,2016
BBa_J33204,PMC4752771,10.1186/s12575-016-0036-z,2016
BBa_P1004,PMC4752771,10.1186/s12575-016-0036-z,2016
BBa_C0261,PMC4726700,10.1371/journal.pone.0145829,2016
BBa_E1010,PMC4726700,10.1371/journal.pone.0145829,2016
BBa_T9002,PMC4726700,10.1371/journal.pone.0145829,2016
BBa_B0015,PMC4753666,10.1186/s12934-016-0426-6,2016
BBa_B0034,PMC4753666,10.1186/s12934-016-0426-6,2016
BBa_I15008,PMC4753666,10.1186/s12934-016-0426-6,2016
BBa_I15009,PMC4753666,10.1186/s12934-016-0426-6,2016
BBa_K317008,PMC4753666,10.1186/s12934-016-0426-6,2016
BBa_R0040,PMC4753666,10.1186/s12934-016-0426-6,2016
BBa_J23113,PMC4719340,10.1186/s12934-016-0415-9,2016
BBa_K156011,PMC11446386,10.1016/j.biotno.2022.11.004,2022
BBa_J23100,PMC9839529,10.1016/j.chom.2022.11.015,2023
BBa_J23101,PMC9872816,10.1021/acssynbio.2c00457,2022
BBa_J23107,PMC10516241,10.1021/acssynbio.2c00405,2022
BBa_J23110,PMC10516241,10.1021/acssynbio.2c00405,2022
BBa_J23117,PMC10516241,10.1021/acssynbio.2c00405,2022
BBa_J23119,PMC10516241,10.1021/acssynbio.2c00405,2022
BBa_B0030,PMC11610949,10.1016/j.engmic.2021.100008,2022
BBa_J23119,PMC10521638,10.34133/2021/9857418,2021
BBa_B0034,PMC9996709,10.1049/enb2.12021,2022
BBa_J23106,PMC9996709,10.1049/enb2.12021,2022
BBa_K274002,PMC9723765,10.1038/s43705-021-00044-w,2021
BBa_K598020,PMC9723765,10.1038/s43705-021-00044-w,2021
BBa_J23118,PMC9855843,10.3390/biology12010071,2022
BBa_J23102,PMC9765613,10.1128/msystems.00963-22,2022
BBa_B0034,PMC9764417,10.1021/acssynbio.2c00498,2022
BBa_J23101,PMC9764412,10.1021/acssynbio.2c00491,2022
BBa_J23119,PMC9628857,10.4014/jmb.2107.07052,2022
BBa_B0030,PMC9733645,10.1111/1751-7915.14152,2022
BBa_B0032,PMC9733645,10.1111/1751-7915.14152,2022
BBa_B0034,PMC9733645,10.1111/1751-7915.14152,2022
BBa_B0035,PMC9733645,10.1111/1751-7915.14152,2022
BBa_B0032,PMC9600154,10.1128/msystems.00596-22,2022
BBa_J23119,PMC9632041,10.1186/s12934-022-01958-3,2022
BBa_K864100,PMC9582627,10.1091/mbc.E21-12-0603,2022
BBa_J23106,PMC9662819,10.7554/eLife.79932.sa2,2022
BBa_J61119,PMC9662819,10.7554/eLife.79932.sa2,2022
BBa_J23100,PMC9618324,10.1111/1751-7915.14133,2022
BBa_J23150,PMC9618324,10.1111/1751-7915.14133,2022
BBa_J61105,PMC9618324,10.1111/1751-7915.14133,2022
BBa_J61138,PMC9618324,10.1111/1751-7915.14133,2022
BBa_J23119,PMC9542533,10.1080/19490976.2022.2127633,2022
BBa_J23117,PMC9561276,10.1093/nar/gkac804,2022
BBa_J23119,PMC9561276,10.1093/nar/gkac804,2022
BBa_B0015,PMC9486961,10.1021/acssynbio.2c00375,2022
BBa_J23104,PMC9486961,10.1021/acssynbio.2c00375,2022
BBa_J23116,PMC9486961,10.1021/acssynbio.2c00375,2022
BBa_J23117,PMC9486961,10.1021/acssynbio.2c00375,2022
BBa_J23119,PMC9486961,10.1021/acssynbio.2c00375,2022
BBa_J23106,PMC9468356,10.1038/s41467-022-33033-1,2022
BBa_J23117,PMC9486963,10.1021/acssynbio.2c00255,2022
BBa_E0040,PMC9357555,10.1093/synbio/ysac010,2022
BBa_E1010,PMC9357555,10.1093/synbio/ysac010,2022
BBa_J06504,PMC9357555,10.1093/synbio/ysac010,2022
BBa_K098995,PMC9379641,10.17912/micropub.biology.000616,2022
BBa_K1357009,PMC9379641,10.17912/micropub.biology.000616,2022
BBa_S05050,PMC9379641,10.17912/micropub.biology.000616,2022
BBa_B1002,PMC9429829,10.3389/fmicb.2022.981767,2022
BBa_B1001,PMC9440541,10.1186/s13068-022-02188-w,2022
BBa_J23100,PMC9440541,10.1186/s13068-022-02188-w,2022
BBa_J23103,PMC9440541,10.1186/s13068-022-02188-w,2022
BBa_J23104,PMC9440541,10.1186/s13068-022-02188-w,2022
BBa_J23106,PMC9440541,10.1186/s13068-022-02188-w,2022
BBa_J23109,PMC9440541,10.1186/s13068-022-02188-w,2022
BBa_J23113,PMC9440541,10.1186/s13068-022-02188-w,2022
BBa_J23115,PMC9440541,10.1186/s13068-022-02188-w,2022
BBa_B0015,PMC9458429,10.1093/nar/gkac697,2022
BBa_B0032,PMC9458429,10.1093/nar/gkac697,2022
BBa_B0033,PMC9458429,10.1093/nar/gkac697,2022
BBa_B0034,PMC9458429,10.1093/nar/gkac697,2022
BBa_I719005,PMC9458429,10.1093/nar/gkac697,2022
BBa_J23113,PMC9445297,10.1016/j.synbio.2022.07.006,2022
BBa_B0010,PMC9306550,10.7717/peerj.13639,2022
BBa_B0034,PMC9306550,10.7717/peerj.13639,2022
BBa_C0062,PMC9306550,10.7717/peerj.13639,2022
BBa_R0040,PMC9306550,10.7717/peerj.13639,2022
BBa_R0062,PMC9306550,10.7717/peerj.13639,2022
BBa_J61051,PMC9298801,10.3389/fmicb.2022.928848,2022
BBa_J23101,PMC9241938,10.1128/spectrum.02562-21,2022
BBa_J23119,PMC9261505,10.1038/s41564-021-01014-7,2022
BBa_B0034,PMC9194655,10.1016/j.synbio.2022.05.010,2022
BBa_B0031,PMC9163753,10.1016/j.redox.2022.102345,2022
BBa_B0032,PMC9163753,10.1016/j.redox.2022.102345,2022
BBa_B0033,PMC9163753,10.1016/j.redox.2022.102345,2022
BBa_E1010,PMC9157227,10.1016/j.mec.2022.e00200,2022
BBa_E0020,PMC9181292,10.3390/ijms23115985,2022
BBa_J23119,PMC9148489,10.1186/s12934-022-01830-4,2022
BBa_B0015,PMC9066302,10.1098/rsos.212008,2022
BBa_B0034,PMC9066302,10.1098/rsos.212008,2022
BBa_K3740058,PMC9026889,10.3390/pathogens11040464,2022
BBa_J23100,PMC9007569,10.1021/acssynbio.1c00577,2022
BBa_J23117,PMC9007569,10.1021/acssynbio.1c00577,2022
BBa_J23118,PMC9007569,10.1021/acssynbio.1c00577,2022
BBa_K3453103,PMC8976095,10.1016/j.synbio.2022.03.003,2022
BBa_K3453104,PMC8976095,10.1016/j.synbio.2022.03.003,2022
BBa_K3453105,PMC8976095,10.1016/j.synbio.2022.03.003,2022
BBa_J04450,PMC9023263,10.1093/nar/gkac206,2022
BBa_J23119,PMC9071393,10.1093/nar/gkac275,2022
BBa_I13604,PMC8938948,10.1021/acssynbio.1c00426,2021
BBa_B0034,PMC8991567,10.1186/s12934-022-01779-4,2022
BBa_K1497016,PMC8962593,10.1186/s12934-022-01775-8,2022
BBa_J23100,PMC8989293,10.1371/journal.ppat.1010420.r004,2022
BBa_J23101,PMC8938921,10.15252/msb.202110785,2022
BBa_B0064,PMC8830501,10.3389/fbioe.2022.826142,2022
BBa_B0015,PMC8784771,10.3389/fbioe.2021.785131,2022
BBa_B0030,PMC8784771,10.3389/fbioe.2021.785131,2022
BBa_B0033,PMC8784771,10.3389/fbioe.2021.785131,2022
BBa_B0064,PMC8784771,10.3389/fbioe.2021.785131,2022
BBa_J23101,PMC8784771,10.3389/fbioe.2021.785131,2022
BBa_B0010,PMC8832061,10.3389/fmicb.2021.784575,2022
BBa_J72163,PMC8834901,10.3390/ijms23031145,2022
BBa_B0015,PMC8805274,10.1186/s12934-022-01738-z,2022
BBa_B0015,PMC8718664,10.1016/j.csbj.2021.12.013,2022
BBa_B0034,PMC8672730,10.1039/d1sc01505b,2021
BBa_K592009,PMC8739417,10.1186/s13568-021-01342-1,2022
BBa_I712004,PMC8746995,10.3390/molecules27010124,2021
BBa_K1123011,PMC8746995,10.3390/molecules27010124,2021
BBa_K259006,PMC8746995,10.3390/molecules27010124,2021
BBa_K3030004,PMC8746995,10.3390/molecules27010124,2021
BBa_K731500,PMC8746995,10.3390/molecules27010124,2021
BBa_B0015,PMC8777070,10.3389/fbioe.2021.821075,2022
BBa_B0030,PMC8777070,10.3389/fbioe.2021.821075,2022
BBa_J23119,PMC8669466,10.1128/mBio.02692-21,2021
BBa_I0500,PMC8713957,10.3389/fmicb.2021.789668,2021
BBa_K3021002,PMC8665402,10.1016/j.synbio.2021.12.002,2022
BBa_K3021004,PMC8665402,10.1016/j.synbio.2021.12.002,2022
BBa_K863000,PMC8665402,10.1016/j.synbio.2021.12.002,2022
BBa_B0015,PMC8678453,10.3389/fbioe.2021.799781,2021
BBa_K1031221,PMC8554842,10.1021/acscentsci.1c00931,2021
BBa_J23105,PMC8566587,10.1038/s41467-021-26350-4,2021
BBa_K404301,PMC7931845,10.1002/dvdy.232,2020
BBa_B0032,PMC8571960,10.7717/peerj.12199,2021
BBa_G00100,PMC8571960,10.7717/peerj.12199,2021
BBa_G00101,PMC8571960,10.7717/peerj.12199,2021
BBa_I20260,PMC8571960,10.7717/peerj.12199,2021
BBa_J153000,PMC8571960,10.7717/peerj.12199,2021
BBa_J23101,PMC8571960,10.7717/peerj.12199,2021
BBa_R0040,PMC8571960,10.7717/peerj.12199,2021
BBa_B0062,PMC8601162,10.1111/1751-7915.13895,2021
BBa_B0030,PMC8601168,10.1111/1751-7915.13767,2021
BBa_K1399001,PMC8601168,10.1111/1751-7915.13767,2021
BBa_B1006,PMC8571402,10.1038/s41598-021-01224-3,2021
BBa_K145201,PMC8571402,10.1038/s41598-021-01224-3,2021
BBa_R0040,PMC8571402,10.1038/s41598-021-01224-3,2021
BBa_K1608002,PMC8578020,10.1016/j.synbio.2021.10.005,2021
BBa_K3503001,PMC8578020,10.1016/j.synbio.2021.10.005,2021
BBa_K3503004,PMC8578020,10.1016/j.synbio.2021.10.005,2021
BBa_K3503006,PMC8578020,10.1016/j.synbio.2021.10.005,2021
BBa_K3503007,PMC8578020,10.1016/j.synbio.2021.10.005,2021
BBa_K3503008,PMC8578020,10.1016/j.synbio.2021.10.005,2021
BBa_K3503009,PMC8578020,10.1016/j.synbio.2021.10.005,2021
BBa_K3503010,PMC8578020,10.1016/j.synbio.2021.10.005,2021
BBa_K3503011,PMC8578020,10.1016/j.synbio.2021.10.005,2021
BBa_B0034,PMC8524654,10.1021/acssynbio.1c00297,2021
BBa_J23100,PMC8524654,10.1021/acssynbio.1c00297,2021
BBa_K592009,PMC8524654,10.1021/acssynbio.1c00297,2021
BBa_K592012,PMC8524654,10.1021/acssynbio.1c00297,2021
BBa_J72100,PMC8544901,10.1128/mSphere.01331-20,2021
BBa_J72104,PMC8544901,10.1128/mSphere.01331-20,2021
BBa_J72113,PMC8544901,10.1128/mSphere.01331-20,2021
BBa_J72114,PMC8544901,10.1128/mSphere.01331-20,2021
BBa_J72152,PMC8544901,10.1128/mSphere.01331-20,2021
BBa_E1010,PMC8534289,10.1128/mBio.02938-20,2020
BBa_K592100,PMC8534289,10.1128/mBio.02938-20,2020
BBa_J23100,PMC8486170,10.1021/acssynbio.0c00318,2021
BBa_R0062,PMC8486170,10.1021/acssynbio.0c00318,2021
BBa_B0015,PMC8481877,10.3389/fbioe.2021.730967,2021
BBa_B0034,PMC8481877,10.3389/fbioe.2021.730967,2021
BBa_I13504,PMC8481877,10.3389/fbioe.2021.730967,2021
BBa_J23105,PMC8481877,10.3389/fbioe.2021.730967,2021
BBa_J23110,PMC8481877,10.3389/fbioe.2021.730967,2021
BBa_J23114,PMC8481877,10.3389/fbioe.2021.730967,2021
BBa_J23115,PMC8481877,10.3389/fbioe.2021.730967,2021
BBa_J23116,PMC8481877,10.3389/fbioe.2021.730967,2021
BBa_K1357010,PMC8481877,10.3389/fbioe.2021.730967,2021
BBa_B0015,PMC8524100,10.1016/j.btre.2021.e00680,2021
BBa_E0030,PMC8524100,10.1016/j.btre.2021.e00680,2021
BBa_I0500,PMC8524100,10.1016/j.btre.2021.e00680,2021
BBa_J04450,PMC8524100,10.1016/j.btre.2021.e00680,2021
BBa_J23101,PMC8524100,10.1016/j.btre.2021.e00680,2021
BBa_J61132,PMC8455584,10.1038/s41467-021-25826-7,2021
BBa_J23105,PMC8510551,10.1128/mBio.02561-21,2021
BBa_J23119,PMC8510551,10.1128/mBio.02561-21,2021
BBa_J23100,PMC8497626,10.1038/s41467-021-26155-5,2021
BBa_B1002,PMC8426231,10.1007/s00253-021-11473-x,2021
BBa_K2686001,PMC8435816,10.1016/j.synbio.2021.09.001,2021
BBa_K2686002,PMC8435816,10.1016/j.synbio.2021.09.001,2021
BBa_K3111102,PMC8435816,10.1016/j.synbio.2021.09.001,2021
BBa_K3111103,PMC8435816,10.1016/j.synbio.2021.09.001,2021
BBa_B0034,PMC8410854,10.1038/s41467-021-25541-3,2021
BBa_J23106,PMC8410854,10.1038/s41467-021-25541-3,2021
BBa_J23119,PMC8410854,10.1038/s41467-021-25541-3,2021
BBa_B0015,PMC8415086,10.3389/fmolb.2021.729350,2021
BBa_B0034,PMC8415086,10.3389/fmolb.2021.729350,2021
BBa_C0062,PMC8415086,10.3389/fmolb.2021.729350,2021
BBa_E0040,PMC8415086,10.3389/fmolb.2021.729350,2021
BBa_J23104,PMC8415086,10.3389/fmolb.2021.729350,2021
BBa_B0034,PMC8406189,10.1128/mBio.01129-21,2021
BBa_K112808,PMC8383311,10.1021/acssynbio.1c00084,2021
BBa_B1006,PMC8256508,10.1186/s12934-021-01621-3,2021
BBa_K592024,PMC8256508,10.1186/s12934-021-01621-3,2021
BBa_J23100,PMC8240088,10.1021/acssensors.1c00020,2021
BBa_K118011,PMC8310608,10.1186/s12934-021-01634-y,2021
BBa_J04450,PMC8161669,10.1021/acsabm.0c01332,2021
BBa_J23119,PMC8155681,10.3389/fbioe.2021.659895,2021
BBa_J23106,PMC8236197,10.1186/s12951-021-00937-x,2021
BBa_J23119,PMC8236197,10.1186/s12951-021-00937-x,2021
BBa_J95015,PMC8130110,10.1186/s12934-021-01591-6,2021
BBa_J95016,PMC8130110,10.1186/s12934-021-01591-6,2021
BBa_J95021,PMC8130110,10.1186/s12934-021-01591-6,2021
BBa_K2033011,PMC8128238,10.1371/journal.pone.0251640.r004,2021
BBa_B1006,PMC8092010,10.1101/gr.270256.120,2021
BBa_J23151,PMC8085919,10.1111/1751-7915.13780,2021
BBa_E0040,PMC8092373,10.1093/nargab/lqab033,2021
BBa_I20260,PMC7988504,10.1016/j.jenvman.2021.112204,2021
BBa_J04450,PMC7988504,10.1016/j.jenvman.2021.112204,2021
BBa_J23100,PMC8092802,10.1371/journal.pone.0245407,2021
BBa_J23105,PMC8092802,10.1371/journal.pone.0245407,2021
BBa_J23111,PMC8092802,10.1371/journal.pone.0245407,2021
BBa_J23112,PMC8092802,10.1371/journal.pone.0245407,2021
BBa_J23119,PMC8092802,10.1371/journal.pone.0245407,2021
BBa_J23107,PMC8034655,10.1093/nar/gkab126,2021
BBa_J23119,PMC8034655,10.1093/nar/gkab126,2021
BBa_K1499251,PMC7969014,10.1093/nar/gkaa1179,2021
BBa_K608003,PMC7935541,10.3389/fmicb.2021.635684,2021
BBa_J23100,PMC7977183,10.1186/s13036-021-00261-w,2021
BBa_J23101,PMC7977183,10.1186/s13036-021-00261-w,2021
BBa_J23119,PMC7977183,10.1186/s13036-021-00261-w,2021
BBa_B0034,PMC7966764,10.1038/s41467-021-21772-6,2021
BBa_J23100,PMC7966764,10.1038/s41467-021-21772-6,2021
BBa_J23116,PMC7966764,10.1038/s41467-021-21772-6,2021
BBa_J23100,PMC7985839,10.1021/acssynbio.0c00583,2021
BBa_B0034,PMC7843447,10.3389/fmicb.2020.624011,2021
BBa_K592100,PMC7843447,10.3389/fmicb.2020.624011,2021
BBa_K1745002,PMC7858672,10.3389/fmicb.2021.593979,2021
BBa_R0062,PMC7870843,10.1038/s41467-021-21125-3,2021
BBa_B0030,PMC7885315,10.1128/mSphere.00003-21,2021
BBa_E0040,PMC7853294,10.3389/fbioe.2020.619055,2021
BBa_E1010,PMC7751189,10.1093/synbio/ysaa015,2020
BBa_J23100,PMC7751189,10.1093/synbio/ysaa015,2020
BBa_J23106,PMC7751189,10.1093/synbio/ysaa015,2020
BBa_J23113,PMC7751189,10.1093/synbio/ysaa015,2020
BBa_J23114,PMC7751189,10.1093/synbio/ysaa015,2020
BBa_K914003,PMC7758877,10.1016/j.crbiot.2020.03.001,2020
BBa_B0034,PMC7733943,10.1128/mBio.02507-20,2020
BBa_J23100,PMC7733943,10.1128/mBio.02507-20,2020
BBa_K1073024,PMC7758883,10.1021/acsomega.0c03909,2020
BBa_J23109,PMC7728641,10.1007/s10295-020-02319-y,2020
BBa_J23114,PMC7728641,10.1007/s10295-020-02319-y,2020
BBa_B0015,PMC7686491,10.1038/s41467-020-19552-9,2020
BBa_B0015,PMC7722865,10.1038/s41467-020-19612-0,2020
BBa_E1010,PMC6978647,10.2174/0929866526666190806145740,2020
BBa_J97001,PMC6978647,10.2174/0929866526666190806145740,2020
BBa_K592009,PMC6978647,10.2174/0929866526666190806145740,2020
BBa_K864401,PMC6978647,10.2174/0929866526666190806145740,2020
BBa_B0034,PMC7744093,10.7554/eLife.56849.sa2,2020
BBa_T9002,PMC7559085,10.3390/ph13090263,2020
BBa_B0064,PMC7536230,10.1038/s41467-020-18630-2,2020
BBa_J23101,PMC7536230,10.1038/s41467-020-18630-2,2020
BBa_B0034,PMC7533339,10.1111/1751-7915.13609,2020
BBa_E1010,PMC7533339,10.1111/1751-7915.13609,2020
BBa_E2050,PMC7533339,10.1111/1751-7915.13609,2020
BBa_J06504,PMC7533339,10.1111/1751-7915.13609,2020
BBa_J23100,PMC7533339,10.1111/1751-7915.13609,2020
BBa_J23105,PMC7533339,10.1111/1751-7915.13609,2020
BBa_K1033916,PMC7533339,10.1111/1751-7915.13609,2020
BBa_K1033919,PMC7533339,10.1111/1751-7915.13609,2020
BBa_K515105,PMC7533339,10.1111/1751-7915.13609,2020
BBa_K592009,PMC7533339,10.1111/1751-7915.13609,2020
BBa_K592010,PMC7533339,10.1111/1751-7915.13609,2020
BBa_K598020,PMC7533339,10.1111/1751-7915.13609,2020
BBa_R0051,PMC7533339,10.1111/1751-7915.13609,2020
BBa_B1002,PMC7567684,10.1007/s00253-020-10905-4,2020
BBa_B0034,PMC7246135,10.1038/s41589-020-0509-x,2020
BBa_C0062,PMC7246135,10.1038/s41589-020-0509-x,2020
BBa_K145015,PMC7246135,10.1038/s41589-020-0509-x,2020
BBa_K206000,PMC7246135,10.1038/s41589-020-0509-x,2020
BBa_R0062,PMC7246135,10.1038/s41589-020-0509-x,2020
BBa_B1002,PMC7607686,10.1186/s12934-020-01457-3,2020
BBa_J61100,PMC7544201,10.1093/nar/gkaa786,2020
BBa_J61104,PMC7544201,10.1093/nar/gkaa786,2020
BBa_J61106,PMC7544201,10.1093/nar/gkaa786,2020
BBa_J61108,PMC7544201,10.1093/nar/gkaa786,2020
BBa_J23109,PMC7580202,10.1016/j.xpro.2019.100003,2020
BBa_B0034,PMC7580223,10.1016/j.xpro.2020.100084,2020
BBa_B0010,PMC7500934,10.1126/sciadv.abb4920,2020
BBa_J23101,PMC7500934,10.1126/sciadv.abb4920,2020
BBa_J23106,PMC7500934,10.1126/sciadv.abb4920,2020
BBa_J23117,PMC7500934,10.1126/sciadv.abb4920,2020
BBa_R0040,PMC7500934,10.1126/sciadv.abb4920,2020
BBa_R0062,PMC7500934,10.1126/sciadv.abb4920,2020
BBa_T9002,PMC7500934,10.1126/sciadv.abb4920,2020
BBa_B0034,PMC7436927,10.15252/msb.20209584,2020
BBa_J23101,PMC7436927,10.15252/msb.20209584,2020
BBa_J23104,PMC7436927,10.15252/msb.20209584,2020
BBa_J23117,PMC7356669,10.15252/msb.20199427,2020
BBa_J23119,PMC7356669,10.15252/msb.20199427,2020
BBa_M0050,PMC7356669,10.15252/msb.20199427,2020
BBa_J23100,PMC7367181,10.1093/nar/gkaa451,2020
BBa_J23106,PMC7367181,10.1093/nar/gkaa451,2020
BBa_J23116,PMC7367181,10.1093/nar/gkaa451,2020
BBa_J23117,PMC7367181,10.1093/nar/gkaa451,2020
BBa_J23100,PMC7387798,10.1128/mBio.01053-20,2020
BBa_J23119,PMC7334480,10.1016/j.synbio.2020.06.009,2020
BBa_J23101,PMC7365139,10.15252/msb.20209618,2020
BBa_J23108,PMC7365139,10.15252/msb.20209618,2020
BBa_J23114,PMC7365139,10.15252/msb.20209618,2020
BBa_J23115,PMC7365139,10.15252/msb.20209618,2020
BBa_J23100,PMC7332536,10.1186/s12934-020-01393-2,2020
BBa_B0010,PMC7347698,10.1007/s00253-020-10671-3,2020
BBa_J23100,PMC7337522,10.1093/nar/gkaa325,2020
BBa_J23102,PMC7337522,10.1093/nar/gkaa325,2020
BBa_J23119,PMC7337522,10.1093/nar/gkaa325,2020
BBa_J23100,PMC7324612,10.1038/s41598-020-67359-x,2020
BBa_B1006,PMC7300353,10.1128/mSphere.00313-20,2020
BBa_I751502,PMC7290156,10.15252/msb.20199361,2020
BBa_R0063,PMC7290156,10.15252/msb.20199361,2020
BBa_K823023,PMC7264492,10.1016/j.dib.2020.105736,2020
BBa_K823025,PMC7264492,10.1016/j.dib.2020.105736,2020
BBa_K823027,PMC7264492,10.1016/j.dib.2020.105736,2020
BBa_C0062,PMC7265303,10.1038/s41467-020-16574-1,2020
BBa_J23100,PMC7221421,10.1002/mbo3.1019,2020
BBa_J23108,PMC7221421,10.1002/mbo3.1019,2020
BBa_I20260,PMC7203346,10.3389/fmicb.2020.00578,2020
BBa_J04450,PMC7203346,10.3389/fmicb.2020.00578,2020
BBa_K1218011,PMC7203346,10.3389/fmicb.2020.00578,2020
BBa_K1547006,PMC7244727,10.1038/s42003-020-0971-8,2020
BBa_J04450,PMC7214458,10.1038/s41467-020-15711-0,2020
BBa_K914003,PMC7266957,10.3389/fmolb.2020.00098,2020
BBa_B0015,PMC7125158,10.1038/s41598-020-62681-w,2020
BBa_J23119,PMC7063769,10.1186/s12934-020-01321-4,2020
BBa_R0051,PMC7063769,10.1186/s12934-020-01321-4,2020
BBa_J23107,PMC7113249,10.1038/s41467-020-15454-y,2020
BBa_J23117,PMC7113249,10.1038/s41467-020-15454-y,2020
BBa_J23119,PMC7113249,10.1038/s41467-020-15454-y,2020
BBa_K880005,PMC7060062,10.1126/sciadv.aaz5108,2020
BBa_J23101,PMC7058928,10.15252/msb.20199401,2020
BBa_J23104,PMC7058928,10.15252/msb.20199401,2020
BBa_J23119,PMC7146887,10.1021/acssynbio.9b00448,2020
BBa_B0015,PMC7056670,10.3389/fbioe.2020.00140,2020
BBa_B0032,PMC7056670,10.3389/fbioe.2020.00140,2020
BBa_B0034,PMC7056670,10.3389/fbioe.2020.00140,2020
BBa_J23100,PMC7007895,10.1007/s00253-019-10344-w,2020
BBa_J23119,PMC7007895,10.1007/s00253-019-10344-w,2020
BBa_B0034,PMC7017828,10.1111/1751-7915.13533,2020
BBa_J23100,PMC7017828,10.1111/1751-7915.13533,2020
BBa_K592012,PMC7017828,10.1111/1751-7915.13533,2020
BBa_B0015,PMC7038009,10.1016/j.mec.2020.e00125,2020
BBa_J04031,PMC7049295,10.1063/1.5134926,2020
BBa_B0030,PMC13064465,10.1016/j.engmic.2025.100257,2026
BBa_J23117,PMC13064465,10.1016/j.engmic.2025.100257,2026
BBa_J61106,PMC13064465,10.1016/j.engmic.2025.100257,2026
BBa_J61109,PMC13064465,10.1016/j.engmic.2025.100257,2026
BBa_B0034,PMC6982386,10.1186/s13068-020-1654-x,2020
BBa_B0062,PMC13101479,10.1128/aem.01768-25,2026
BBa_B1002,PMC13103967,10.21769/BioProtoc.5665,2026
BBa_S01987,PMC6952187,10.1371/journal.pone.0223935,2020
BBa_B0010,PMC13101318,10.1186/s13036-026-00660-x,2026
BBa_B0012,PMC13101318,10.1186/s13036-026-00660-x,2026
BBa_B0015,PMC13101318,10.1186/s13036-026-00660-x,2026
BBa_I0500,PMC13101318,10.1186/s13036-026-00660-x,2026
BBa_J23101,PMC13101318,10.1186/s13036-026-00660-x,2026
BBa_J23110,PMC13101318,10.1186/s13036-026-00660-x,2026
BBa_J23119,PMC13101318,10.1186/s13036-026-00660-x,2026
BBa_J64997,PMC13101318,10.1186/s13036-026-00660-x,2026
BBa_K515105,PMC13101318,10.1186/s13036-026-00660-x,2026
BBa_J72163,PMC13049924,10.1016/j.jbc.2026.111309,2026
BBa_J23109,PMC13042605,10.1002/advs.202521440,2026
BBa_J23113,PMC13042605,10.1002/advs.202521440,2026
BBa_J23115,PMC13042605,10.1002/advs.202521440,2026
BBa_R0010,PMC7618913,10.1021/acssynbio.3c00333,2023
BBa_J23118,PMC12519201,10.1073/pnas.2509568122,2025
BBa_B0034,PMC13035840,10.1038/s41467-026-69334-y,2026
BBa_J23100,PMC12930508,10.1021/acssynbio.5c00786,2026
BBa_J23105,PMC12930508,10.1021/acssynbio.5c00786,2026
BBa_J23111,PMC12930508,10.1021/acssynbio.5c00786,2026
BBa_K243006,PMC12930430,10.1158/1541-7786.MCR-25-0624,2026
BBa_B1006,PMC12915315,10.1128/aem.01839-25,2026
BBa_B0010,PMC12852451,10.3389/fsysb.2025.1668595,2026
BBa_B0015,PMC12852451,10.3389/fsysb.2025.1668595,2026
BBa_B0030,PMC12852451,10.3389/fsysb.2025.1668595,2026
BBa_B0031,PMC12852451,10.3389/fsysb.2025.1668595,2026
BBa_B0032,PMC12852451,10.3389/fsysb.2025.1668595,2026
BBa_B0034,PMC12852451,10.3389/fsysb.2025.1668595,2026
BBa_B1006,PMC12852451,10.3389/fsysb.2025.1668595,2026
BBa_C0012,PMC12852451,10.3389/fsysb.2025.1668595,2026
BBa_C0040,PMC12852451,10.3389/fsysb.2025.1668595,2026
BBa_E1010,PMC12852451,10.3389/fsysb.2025.1668595,2026
BBa_I13521,PMC12852451,10.3389/fsysb.2025.1668595,2026
BBa_J23100,PMC12852451,10.3389/fsysb.2025.1668595,2026
BBa_J23101,PMC12852451,10.3389/fsysb.2025.1668595,2026
BBa_J23103,PMC12852451,10.3389/fsysb.2025.1668595,2026
BBa_J23112,PMC12852451,10.3389/fsysb.2025.1668595,2026
BBa_J23113,PMC12852451,10.3389/fsysb.2025.1668595,2026
BBa_J23116,PMC12852451,10.3389/fsysb.2025.1668595,2026
BBa_J23117,PMC12852451,10.3389/fsysb.2025.1668595,2026
BBa_J23118,PMC12852451,10.3389/fsysb.2025.1668595,2026
BBa_R0011,PMC12852451,10.3389/fsysb.2025.1668595,2026
BBa_R0051,PMC12852451,10.3389/fsysb.2025.1668595,2026
BBa_R0062,PMC12852451,10.3389/fsysb.2025.1668595,2026
BBa_B0012,PMC12851924,10.1038/s41586-025-09971-3,2026
BBa_K864401,PMC12892944,10.1128/mbio.03065-25,2026
BBa_B0015,PMC12823268,10.1099/mic.0.001655,2026
BBa_B0034,PMC12822097,10.1186/s13036-025-00600-1,2025
BBa_J23106,PMC12767563,10.1002/cssc.202502560,2025
BBa_B1001,PMC12809395,10.20517/evcna.2025.32,2025
BBa_B1007,PMC12809395,10.20517/evcna.2025.32,2025
BBa_B0030,PMC12786678,10.1021/acssynbio.5c00606,2026
BBa_B0032,PMC12786678,10.1021/acssynbio.5c00606,2026
BBa_B0034,PMC12786678,10.1021/acssynbio.5c00606,2026
BBa_B0034,PMC12724604,10.64898/2025.12.17.694918,2025
BBa_K1890030,PMC12724604,10.64898/2025.12.17.694918,2025
BBa_J23119,PMC12678401,10.1038/s41522-025-00854-z,2025
BBa_K314100,PMC12742742,10.1371/journal.pgen.1011707,2025
BBa_K112122,PMC12738073,10.21769/BioProtoc.5549,2025
BBa_B1001,PMC12751083,10.1042/BCJ20253340,2025
BBa_B1007,PMC12751083,10.1042/BCJ20253340,2025
BBa_J23114,PMC12663086,10.1093/nar/gkaf1198,2025
BBa_J23119,PMC12667848,10.1101/2025.11.18.689055,2025
BBa_B0015,PMC12617271,10.1002/pro.70340,2025
BBa_B0034,PMC12617271,10.1002/pro.70340,2025
BBa_J23119,PMC12617271,10.1002/pro.70340,2025
BBa_J23100,PMC12589874,10.1016/j.isci.2025.113715,2025
BBa_J23109,PMC12589874,10.1016/j.isci.2025.113715,2025
BBa_B0030,PMC12638906,10.1038/s41467-025-65119-x,2025
BBa_B0031,PMC12638906,10.1038/s41467-025-65119-x,2025
BBa_B0032,PMC12638906,10.1038/s41467-025-65119-x,2025
BBa_B0034,PMC12638906,10.1038/s41467-025-65119-x,2025
BBa_B0034,PMC12622784,10.1371/journal.pgen.1011935.r005,2025
BBa_J107125,PMC12649884,10.3390/bios15110716,2025
BBa_B0030,PMC12591173,10.1002/advs.202507740,2025
BBa_B0031,PMC12591173,10.1002/advs.202507740,2025
BBa_B0032,PMC12591173,10.1002/advs.202507740,2025
BBa_J23100,PMC12529458,10.1002/bab.2735,2025
BBa_J23105,PMC12511318,10.1038/s41598-025-22967-3,2025
BBa_B0010,PMC12513457,10.1126/sciadv.adw8278,2025
BBa_B0035,PMC12513457,10.1126/sciadv.adw8278,2025
BBa_K1676100,PMC11611649,10.1016/j.ymben.2024.09.008,2024
BBa_B1006,PMC12508785,10.1111/1751-7915.70226,2025
BBa_B0031,PMC12455656,10.1021/acssynbio.5c00412,2025
BBa_J23100,PMC12455656,10.1021/acssynbio.5c00412,2025
BBa_J23106,PMC12455656,10.1021/acssynbio.5c00412,2025
BBa_J23107,PMC12455656,10.1021/acssynbio.5c00412,2025
BBa_J23104,PMC12492688,10.1016/j.synbio.2025.09.007,2026
BBa_J23105,PMC12492688,10.1016/j.synbio.2025.09.007,2026
BBa_J23107,PMC12492688,10.1016/j.synbio.2025.09.007,2026
BBa_J23113,PMC12492688,10.1016/j.synbio.2025.09.007,2026
BBa_J23114,PMC12492688,10.1016/j.synbio.2025.09.007,2026
BBa_J23115,PMC12492688,10.1016/j.synbio.2025.09.007,2026
BBa_J23117,PMC12492688,10.1016/j.synbio.2025.09.007,2026
BBa_B0030,PMC12478552,10.1021/cbe.5c00015,2025
BBa_B0032,PMC12478552,10.1021/cbe.5c00015,2025
BBa_J23101,PMC12478552,10.1021/cbe.5c00015,2025
BBa_J23119,PMC12445707,10.1016/j.tcsw.2025.100151,2025
BBa_B0034,PMC12416320,10.1021/acssynbio.5c00390,2025
BBa_B0034,PMC12424062,10.1111/1751-7915.70148,2025
BBa_J72090,PMC12358690,10.1002/mbo3.70047,2025
BBa_K4190012,PMC12342014,10.3389/fsysb.2024.1283371,2024
BBa_K4190013,PMC12342014,10.3389/fsysb.2024.1283371,2024
BBa_B0014,PMC12342043,10.3389/fsysb.2024.1270071,2024
BBa_B0034,PMC12342043,10.3389/fsysb.2024.1270071,2024
BBa_J23100,PMC12342043,10.3389/fsysb.2024.1270071,2024
BBa_K3484001,PMC12342043,10.3389/fsysb.2024.1270071,2024
BBa_K3484003,PMC12342043,10.3389/fsysb.2024.1270071,2024
BBa_E0040,PMC12342280,10.1371/journal.pone.0328521,2025
BBa_B0015,PMC12390103,10.3390/toxins17080360,2025
BBa_B0032,PMC12390103,10.3390/toxins17080360,2025
BBa_E1010,PMC12390103,10.3390/toxins17080360,2025
BBa_J23119,PMC12390103,10.3390/toxins17080360,2025
BBa_K516032,PMC12390103,10.3390/toxins17080360,2025
BBa_J23100,PMC12342019,10.3389/fsysb.2023.1240040,2023
BBa_J61051,PMC12342019,10.3389/fsysb.2023.1240040,2023
BBa_J23100,PMC12341994,10.3389/fsysb.2025.1620608,2025
BBa_J34801,PMC12341994,10.3389/fsysb.2025.1620608,2025
BBa_J23117,PMC12370623,10.1093/nar/gkaf818,2025
BBa_J23119,PMC12370623,10.1093/nar/gkaf818,2025
BBa_B0015,PMC12281612,10.1021/acssynbio.5c00320,2025
BBa_J23111,PMC12281612,10.1021/acssynbio.5c00320,2025
BBa_J72163,PMC12305240,10.1016/j.xpro.2025.103973,2025
BBa_B0015,PMC12312269,10.1186/s13068-025-02687-6,2025
BBa_B0030,PMC12274907,10.1016/j.isci.2025.113027,2025
BBa_B0031,PMC12274907,10.1016/j.isci.2025.113027,2025
BBa_B0032,PMC12274907,10.1016/j.isci.2025.113027,2025
BBa_B0034,PMC12274907,10.1016/j.isci.2025.113027,2025
BBa_K243004,PMC12255299,10.1093/nar/gkaf580,2025
BBa_B0032,PMC12236675,10.1101/2025.07.01.662634,2025
BBa_J23100,PMC12203475,10.1021/acsami.5c04638,2025
BBa_J04450,PMC12179317,10.1038/s41523-025-00770-7,2025
BBa_J23100,PMC12186685,10.1021/acssynbio.5c00124,2025
BBa_B1006,PMC12187118,10.1093/procel/pwae054,2025
BBa_K5480009,PMC12157041,10.1371/journal.pone.0325926,2025
BBa_J23100,PMC12175534,10.1128/aem.00045-25,2025
BBa_K3814004,PMC12175534,10.1128/aem.00045-25,2025
BBa_K592100,PMC12159744,10.1093/nar/gkaf511,2025
BBa_J23115,PMC12164975,10.1126/sciadv.ads1630,2025
BBa_B0034,PMC11665862,10.1073/pnas.2409335121,2024
BBa_K1890002,PMC11665862,10.1073/pnas.2409335121,2024
BBa_K243006,PMC12132549,10.1101/2025.05.13.653825,2025
BBa_J23105,PMC12137876,10.1038/s41467-025-60517-7,2025
BBa_B0015,PMC12076865,10.1186/s12934-025-02727-8,2025
BBa_B1001,PMC12056078,10.1038/s41467-025-59103-8,2025
BBa_J23101,PMC12016422,10.1021/acssynbio.4c00453,2024
BBa_J23107,PMC12016422,10.1021/acssynbio.4c00453,2024
BBa_J23110,PMC11997408,10.1016/j.mtbio.2025.101720,2025
BBa_J23119,PMC11997408,10.1016/j.mtbio.2025.101720,2025
BBa_I746908,PMC12004514,10.1021/acs.biomac.5c00010,2025
BBa_B0014,PMC12000639,10.1002/btpr.3512,2024
BBa_K822000,PMC12015303,10.1038/s41467-025-58996-9,2025
BBa_J23116,PMC12004184,10.1021/acsomega.4c11704,2025
BBa_B0014,PMC11964449,10.7554/eLife.97216.3.sa3,2025
BBa_J23101,PMC11977207,10.1038/s44319-025-00386-9,2025
BBa_K592009,PMC11447128,10.1089/apb.2023.0035,2024
BBa_J23114,PMC11890080,10.1007/978-1-0716-3473-8_2,2024
BBa_J23115,PMC11890080,10.1007/978-1-0716-3473-8_2,2024
BBa_J23117,PMC11890080,10.1007/978-1-0716-3473-8_2,2024
BBa_B0015,PMC11901804,10.3390/molecules30051168,2025
BBa_J23105,PMC11951768,10.1186/s13036-025-00493-0,2025
BBa_J23119,PMC11879866,10.1038/s41564-025-01935-7,2025
BBa_J23119,PMC11840067,10.1038/s41467-025-57031-1,2025
BBa_J23119,PMC10911448,10.1016/j.cub.2024.01.029,2024
BBa_K1695000,PMC11852207,10.1021/acssynbio.4c00790,2025
BBa_J23100,PMC11870579,10.1101/2025.02.19.639182,2025
BBa_B0034,PMC11786069,10.1016/j.synbio.2025.01.001,2025
BBa_J23100,PMC11720261,10.3390/ijms26010250,2024
BBa_I712074,PMC11731804,10.52225/narra.v4i3.1283,2024
BBa_B0015,PMC10805104,10.1021/acssynbio.3c00420,2024
BBa_I751502,PMC10805104,10.1021/acssynbio.3c00420,2024
BBa_J23110,PMC11686294,10.1038/s41467-024-54723-y,2024
BBa_B0034,PMC11631409,10.1098/rspb.2024.2312,2024
BBa_J23101,PMC11631409,10.1098/rspb.2024.2312,2024
BBa_B0034,PMC11619377,10.1128/spectrum.01740-24,2024
BBa_J23100,PMC11669158,10.1021/acssynbio.4c00466,2024
BBa_J23114,PMC11669158,10.1021/acssynbio.4c00466,2024
BBa_M0052,PMC11662660,10.1093/nar/gkae1052,2024
BBa_J34801,PMC11661796,10.7554/eLife.98654.3.sa4,2024
BBa_B1006,PMC11660809,10.1186/s13036-024-00460-1,2024
BBa_B0034,PMC11568779,10.1016/j.mec.2024.e00249,2024
BBa_B0034,PMC11559001,10.1128/mbio.01994-24,2024
BBa_J23119,PMC11550136,10.1016/j.isci.2024.111207,2024
BBa_B0064,PMC11538702,10.1002/advs.202403067,2024
BBa_B0015,PMC11564790,10.1016/j.synbio.2024.10.002,2025
BBa_B0034,PMC11564790,10.1016/j.synbio.2024.10.002,2025
BBa_C0062,PMC11564790,10.1016/j.synbio.2024.10.002,2025
BBa_E0040,PMC11564790,10.1016/j.synbio.2024.10.002,2025
BBa_J23104,PMC11564790,10.1016/j.synbio.2024.10.002,2025
BBa_J23100,PMC11522558,10.1038/s42003-024-07112-6,2024
BBa_J23109,PMC11522558,10.1038/s42003-024-07112-6,2024
BBa_B0030,PMC11497010,10.1002/advs.202407599,2024
BBa_B0032,PMC11497010,10.1002/advs.202407599,2024
BBa_B0033,PMC11497010,10.1002/advs.202407599,2024
BBa_B0034,PMC11497010,10.1002/advs.202407599,2024
BBa_B0035,PMC11497010,10.1002/advs.202407599,2024
BBa_K923001,PMC11446346,10.1016/j.biotno.2023.02.002,2023
BBa_K923002,PMC11446346,10.1016/j.biotno.2023.02.002,2023
BBa_I0500,PMC11479628,10.1038/s41467-024-52976-1,2024
BBa_J23119,PMC11462663,10.1186/s12934-024-02543-6,2024
BBa_J23100,PMC11486981,10.1038/s41467-024-53381-4,2024
BBa_B0033,PMC11479589,10.7554/eLife.97754.3.sa3,2024
BBa_B0034,PMC11479589,10.7554/eLife.97754.3.sa3,2024
BBa_J23100,PMC11449890,10.3389/fbioe.2024.1470830,2024
BBa_B0034,PMC11334176,10.1021/acssynbio.4c00117,2024
BBa_K2560002,PMC11334176,10.1021/acssynbio.4c00117,2024
BBa_K157009,PMC11349869,10.1093/jxb/erae234,2024
BBa_K157013,PMC11349869,10.1093/jxb/erae234,2024
BBa_K365005,PMC11349869,10.1093/jxb/erae234,2024
BBa_J23100,PMC11340173,10.1186/s12934-024-02505-y,2024
BBa_B0010,PMC11336265,10.1016/j.heliyon.2024.e35050,2024
BBa_B0015,PMC11336265,10.1016/j.heliyon.2024.e35050,2024
BBa_B0030,PMC11336265,10.1016/j.heliyon.2024.e35050,2024
BBa_E1010,PMC11336265,10.1016/j.heliyon.2024.e35050,2024
BBa_I721001,PMC11336265,10.1016/j.heliyon.2024.e35050,2024
BBa_I721002,PMC11336265,10.1016/j.heliyon.2024.e35050,2024
BBa_J15101,PMC11336265,10.1016/j.heliyon.2024.e35050,2024
BBa_J23101,PMC11336265,10.1016/j.heliyon.2024.e35050,2024
BBa_J33100,PMC11336265,10.1016/j.heliyon.2024.e35050,2024
BBa_K1420004,PMC11336265,10.1016/j.heliyon.2024.e35050,2024
BBa_K592009,PMC11336265,10.1016/j.heliyon.2024.e35050,2024
BBa_K592010,PMC11336265,10.1016/j.heliyon.2024.e35050,2024
BBa_J23105,PMC11283517,10.1038/s41467-024-50528-1,2024
BBa_J23107,PMC11283517,10.1038/s41467-024-50528-1,2024
BBa_J23117,PMC11283517,10.1038/s41467-024-50528-1,2024
BBa_J23119,PMC11283517,10.1038/s41467-024-50528-1,2024
BBa_B1001,PMC11302359,10.1186/s13068-024-02534-0,2024
BBa_J23105,PMC11302359,10.1186/s13068-024-02534-0,2024
BBa_J23114,PMC11302359,10.1186/s13068-024-02534-0,2024
BBa_J61048,PMC11288051,10.1128/msphere.00171-24,2024
BBa_J23119,PMC11291754,10.1038/s41598-024-68747-3,2024
BBa_B0034,PMC11237760,10.1128/msystems.01210-23,2024
BBa_J23100,PMC11237760,10.1128/msystems.01210-23,2024
BBa_J72090,PMC11256883,10.1111/1751-7915.14523,2024
BBa_J72090,PMC11236898,10.1002/mbo3.1425,2024
BBa_B0034,PMC11197473,10.1111/1751-7915.14511,2024
BBa_B1001,PMC11197473,10.1111/1751-7915.14511,2024
BBa_K3814004,PMC11197473,10.1111/1751-7915.14511,2024
BBa_K2686001,PMC11190991,10.1021/acsabm.3c01153,2024
BBa_J23100,PMC10368014,10.1021/acschembio.3c00241,2023
BBa_B0034,PMC11167817,10.1186/s12934-024-02444-8,2024
BBa_J23107,PMC11109947,10.1093/nar/gkae275,2024
BBa_J23110,PMC11109947,10.1093/nar/gkae275,2024
BBa_J23117,PMC11109947,10.1093/nar/gkae275,2024
BBa_J23119,PMC11109947,10.1093/nar/gkae275,2024
BBa_B0014,PMC11117708,10.3390/bios14050246,2024
BBa_K592009,PMC11117708,10.3390/bios14050246,2024
BBa_J23118,PMC11123869,10.3390/microorganisms12050933,2024
BBa_J23100,PMC11137365,10.1016/j.synbio.2024.05.010,2024
BBa_J23105,PMC11137365,10.1016/j.synbio.2024.05.010,2024
BBa_J23109,PMC11137365,10.1016/j.synbio.2024.05.010,2024
BBa_J23115,PMC11137365,10.1016/j.synbio.2024.05.010,2024
BBa_J23118,PMC11137365,10.1016/j.synbio.2024.05.010,2024
BBa_J23119,PMC11137365,10.1016/j.synbio.2024.05.010,2024
BBa_J61113,PMC11137365,10.1016/j.synbio.2024.05.010,2024
BBa_J61127,PMC11137365,10.1016/j.synbio.2024.05.010,2024
BBa_J61129,PMC11137365,10.1016/j.synbio.2024.05.010,2024
BBa_J23119,PMC11111574,10.1007/s00253-024-13160-z,2024
BBa_J04450,PMC10996712,10.1101/2024.03.29.587035,2024
BBa_J23018,PMC10101937,10.1016/j.chom.2023.03.007,2023
BBa_J23115,PMC10101937,10.1016/j.chom.2023.03.007,2023
BBa_C0012,PMC11046772,10.1186/s12859-024-05782-x,2024
BBa_E0040,PMC11046772,10.1186/s12859-024-05782-x,2024
BBa_I13202,PMC11046772,10.1186/s12859-024-05782-x,2024
BBa_T9001,PMC11046772,10.1186/s12859-024-05782-x,2024
BBa_J23100,PMC11046052,10.1016/j.synbio.2024.04.007,2024
BBa_J23100,PMC10992759,10.1186/s40643-023-00655-2,2023
BBa_J23100,PMC11047186,10.1016/j.synbio.2024.04.008,2024
BBa_J23110,PMC11047186,10.1016/j.synbio.2024.04.008,2024
BBa_B0034,PMC11005028,10.1111/1751-7915.14451,2024
BBa_J23110,PMC11005681,10.1002/advs.202306478,2024
BBa_K2448025,PMC11005681,10.1002/advs.202306478,2024
BBa_K1758100,PMC10983751,10.1186/s12934-024-02363-8,2024
BBa_J23117,PMC11006873,10.1038/s41467-024-47296-3,2024
BBa_J23100,PMC10909576,10.1016/j.synbio.2024.02.003,2024
BBa_J23101,PMC10909576,10.1016/j.synbio.2024.02.003,2024
BBa_J23102,PMC10909576,10.1016/j.synbio.2024.02.003,2024
BBa_J23103,PMC10909576,10.1016/j.synbio.2024.02.003,2024
BBa_J23104,PMC10909576,10.1016/j.synbio.2024.02.003,2024
BBa_J23105,PMC10909576,10.1016/j.synbio.2024.02.003,2024
BBa_J23106,PMC10909576,10.1016/j.synbio.2024.02.003,2024
BBa_J23107,PMC10909576,10.1016/j.synbio.2024.02.003,2024
BBa_J23108,PMC10909576,10.1016/j.synbio.2024.02.003,2024
BBa_J23109,PMC10909576,10.1016/j.synbio.2024.02.003,2024
BBa_J23110,PMC10909576,10.1016/j.synbio.2024.02.003,2024
BBa_J23111,PMC10909576,10.1016/j.synbio.2024.02.003,2024
BBa_J23112,PMC10909576,10.1016/j.synbio.2024.02.003,2024
BBa_J23114,PMC10909576,10.1016/j.synbio.2024.02.003,2024
BBa_J23115,PMC10909576,10.1016/j.synbio.2024.02.003,2024
BBa_J23116,PMC10909576,10.1016/j.synbio.2024.02.003,2024
BBa_J23117,PMC10909576,10.1016/j.synbio.2024.02.003,2024
BBa_J23118,PMC10909576,10.1016/j.synbio.2024.02.003,2024
BBa_J23119,PMC10909576,10.1016/j.synbio.2024.02.003,2024
BBa_J61002,PMC10909576,10.1016/j.synbio.2024.02.003,2024
BBa_K4848000,PMC10909576,10.1016/j.synbio.2024.02.003,2024
BBa_K4848001,PMC10909576,10.1016/j.synbio.2024.02.003,2024
BBa_K4848002,PMC10909576,10.1016/j.synbio.2024.02.003,2024
BBa_K4848003,PMC10909576,10.1016/j.synbio.2024.02.003,2024
BBa_K4848004,PMC10909576,10.1016/j.synbio.2024.02.003,2024
BBa_J23100,PMC10901793,10.1038/s41467-024-45897-6,2024
BBa_B0031,PMC10954549,10.34133/bdr.0028,2024
BBa_B0034,PMC10954549,10.34133/bdr.0028,2024
BBa_K1585100,PMC10904526,10.1007/s00253-024-13077-7,2024
BBa_K1585101,PMC10904526,10.1007/s00253-024-13077-7,2024
BBa_K1585103,PMC10904526,10.1007/s00253-024-13077-7,2024
BBa_K1585105,PMC10904526,10.1007/s00253-024-13077-7,2024
BBa_K1585106,PMC10904526,10.1007/s00253-024-13077-7,2024
BBa_J23119,PMC10037674,10.1002/cpz1.656,2023
BBa_J23119,PMC10374164,10.1073/pnas.2302546120,2023
BBa_B0015,PMC10799723,10.1093/synbio/ysae001,2024
BBa_B0034,PMC10799723,10.1093/synbio/ysae001,2024
BBa_I13502,PMC10799723,10.1093/synbio/ysae001,2024
BBa_I13504,PMC10799723,10.1093/synbio/ysae001,2024
BBa_J23110,PMC10799723,10.1093/synbio/ysae001,2024
BBa_J23114,PMC10799723,10.1093/synbio/ysae001,2024
BBa_K808000,PMC10799723,10.1093/synbio/ysae001,2024
BBa_B0010,PMC10832536,10.1111/1751-7915.14328,2023
BBa_B0030,PMC10832536,10.1111/1751-7915.14328,2023
BBa_B0034,PMC10832536,10.1111/1751-7915.14328,2023
BBa_K864600,PMC10832536,10.1111/1751-7915.14328,2023
BBa_B1006,PMC10853766,10.1093/jimb/kuae006,2024
BBa_J23109,PMC10853766,10.1093/jimb/kuae006,2024
BBa_J23115,PMC10853766,10.1093/jimb/kuae006,2024
BBa_B0010,PMC10832519,10.1111/1751-7915.14367,2023
BBa_J23117,PMC10786170,10.1038/s41589-022-01252-8,2023
BBa_B1010,PMC10763472,10.1186/s12934-023-02272-2,2024
BBa_K1676100,PMC10729296,10.1021/acssynbio.3c00554,2023
BBa_J01006,PMC10715425,10.3389/fbioe.2023.1278062,2023
BBa_J45993,PMC10715425,10.3389/fbioe.2023.1278062,2023
BBa_K823004,PMC10715425,10.3389/fbioe.2023.1278062,2023
BBa_B0025,PMC10708014,10.3390/molecules28237825,2023
BBa_B0035,PMC10708014,10.3390/molecules28237825,2023
BBa_J23103,PMC10681173,10.1371/journal.pone.0294760.r004,2023
BBa_J23105,PMC10681173,10.1371/journal.pone.0294760.r004,2023
BBa_J23106,PMC10681173,10.1371/journal.pone.0294760.r004,2023
BBa_J23109,PMC10681173,10.1371/journal.pone.0294760.r004,2023
BBa_J23110,PMC10681173,10.1371/journal.pone.0294760.r004,2023
BBa_J23115,PMC10681173,10.1371/journal.pone.0294760.r004,2023
BBa_B0064,PMC10661042,10.1021/acssynbio.3c00151,2023
BBa_B0015,PMC10604247,10.3390/biomedicines11102645,2023
BBa_J23100,PMC10604247,10.3390/biomedicines11102645,2023
BBa_J23105,PMC10604247,10.3390/biomedicines11102645,2023
BBa_J23118,PMC10604247,10.3390/biomedicines11102645,2023
BBa_K649000,PMC10604247,10.3390/biomedicines11102645,2023
BBa_B0015,PMC10562447,10.1038/s41467-023-41899-y,2023
BBa_J23114,PMC10562447,10.1038/s41467-023-41899-y,2023
BBa_J23118,PMC10562447,10.1038/s41467-023-41899-y,2023
BBa_J23119,PMC10562447,10.1038/s41467-023-41899-y,2023
BBa_B0034,PMC10568318,10.3389/fmicb.2023.1268315,2023
BBa_J23106,PMC10568318,10.3389/fmicb.2023.1268315,2023
BBa_J61106,PMC10631719,10.1126/sciadv.adg5296,2023
BBa_B1002,PMC10602556,10.1002/advs.202301730,2023
BBa_I11012,PMC10602556,10.1002/advs.202301730,2023
BBa_J23119,PMC10679819,10.1016/j.isci.2023.108332,2023
BBa_J23100,PMC10651486,10.1038/s41586-023-06612-5,2023
BBa_J23110,PMC10651486,10.1038/s41586-023-06612-5,2023
BBa_J23112,PMC10651486,10.1038/s41586-023-06612-5,2023
BBa_J04450,PMC10563301,10.1186/s12934-023-02212-0,2023
BBa_J23101,PMC10618820,10.1016/j.molmet.2023.101823,2023
BBa_J23117,PMC10547716,10.1038/s42003-023-05363-3,2023
BBa_K2151200,PMC10547716,10.1038/s42003-023-05363-3,2023
BBa_B0015,PMC10492371,10.1186/s13068-023-02385-1,2023
BBa_J23101,PMC10510703,10.1021/acssynbio.3c00232,2023
BBa_J23100,PMC10549213,10.1093/jimb/kuad010,2023
BBa_K592100,PMC10653904,10.1128/mbio.01843-23,2023
BBa_J23106,PMC10473640,10.1101/2023.08.06.552196,2024
BBa_J23118,PMC10471632,10.1038/s41467-023-40928-0,2023
BBa_K1122676,PMC10505557,10.1038/s41477-023-01459-0,2023
BBa_J23100,PMC10653785,10.1128/mbio.00937-23,2023
BBa_B1002,PMC10399174,10.1021/acsomega.3c01164,2023
BBa_J23104,PMC10399174,10.1021/acsomega.3c01164,2023
BBa_J23100,PMC10458277,10.3390/microorganisms11082044,2023
BBa_J23106,PMC10458277,10.3390/microorganisms11082044,2023
BBa_J23114,PMC10458277,10.3390/microorganisms11082044,2023
BBa_J23113,PMC10374173,10.1073/pnas.2220358120,2023
BBa_J23117,PMC10374173,10.1073/pnas.2220358120,2023
BBa_J23119,PMC10374173,10.1073/pnas.2220358120,2023
BBa_J23104,PMC10436394,10.1186/s12934-023-02125-y,2023
BBa_J23109,PMC10436394,10.1186/s12934-023-02125-y,2023
BBa_J23114,PMC10436394,10.1186/s12934-023-02125-y,2023
BBa_J23115,PMC10436394,10.1186/s12934-023-02125-y,2023
BBa_J23118,PMC10394328,10.4014/jmb.2302.02003,2023
BBa_B0033,PMC10449621,10.1038/s41589-023-01374-7,2023
BBa_B0034,PMC10449621,10.1038/s41589-023-01374-7,2023
BBa_J23119,PMC10432722,10.1016/j.heliyon.2023.e18983,2023
BBa_J23117,PMC10294642,10.1093/jimb/kuad013,2023
BBa_B0015,PMC10245609,10.1186/s12934-023-02117-y,2023
BBa_J72163,PMC10245609,10.1186/s12934-023-02117-y,2023
BBa_E1010,PMC10209150,10.1038/s43705-023-00255-3,2023
BBa_B0034,PMC10269268,10.1021/acsomega.3c02460,2023
BBa_K118023,PMC10201518,10.1007/s00253-023-12581-6,2023
BBa_J23100,PMC10201414,10.1093/nar/gkad234,2023
BBa_K2753055,PMC10201414,10.1093/nar/gkad234,2023
BBa_B0030,PMC10277290,10.1016/j.synbio.2023.05.004,2023
BBa_B0031,PMC10277290,10.1016/j.synbio.2023.05.004,2023
BBa_B0032,PMC10277290,10.1016/j.synbio.2023.05.004,2023
BBa_J23100,PMC10250238,10.1093/nar/gkad266,2023
BBa_B1006,PMC10281378,10.1111/1751-7915.14266,2023
BBa_J23101,PMC10281378,10.1111/1751-7915.14266,2023
BBa_B0015,PMC10089163,10.1073/pnas.2212121120,2023
BBa_I746916,PMC10127266,10.1021/acssynbio.2c00530,2023
BBa_J23100,PMC10147661,10.1038/s41467-023-38033-3,2023
BBa_J23102,PMC10147661,10.1038/s41467-023-38033-3,2023
BBa_J23150,PMC10147661,10.1038/s41467-023-38033-3,2023
BBa_J23110,PMC10163571,10.1186/s12934-023-02099-x,2023
BBa_J23119,PMC10163571,10.1186/s12934-023-02099-x,2023
BBa_J23119,PMC10187175,10.1101/2023.05.03.539206,2023
BBa_B1006,PMC10158823,10.3389/fbioe.2023.1176445,2023
BBa_J23105,PMC10067303,10.1186/s13068-023-02298-z,2023
BBa_J23117,PMC10067303,10.1186/s13068-023-02298-z,2023
BBa_K173020,PMC10067303,10.1186/s13068-023-02298-z,2023
BBa_K173022,PMC10067303,10.1186/s13068-023-02298-z,2023
BBa_R0062,PMC10067303,10.1186/s13068-023-02298-z,2023
BBa_J23115,PMC10028697,10.1021/acssynbio.2c00465,2023
BBa_J72114,PMC10028697,10.1021/acssynbio.2c00465,2023
BBa_J23119,PMC10049144,10.3390/ijms24065324,2023
BBa_E1010,PMC10022571,10.1038/s41467-023-36874-6,2023
BBa_K592100,PMC10022571,10.1038/s41467-023-36874-6,2023
BBa_B1002,PMC10055971,10.3390/ijms24065888,2023
BBa_K2243023,PMC9978351,10.3389/fmicb.2023.1112307,2023
BBa_B0015,PMC10073562,10.3389/fmicb.2023.1122078,2023
BBa_B0034,PMC10073562,10.3389/fmicb.2023.1122078,2023
BBa_B0030,PMC10017123,10.34133/research.0081,2023
BBa_B0031,PMC10017123,10.34133/research.0081,2023
BBa_B0032,PMC10017123,10.34133/research.0081,2023
BBa_B0034,PMC10017123,10.34133/research.0081,2023
BBa_B0064,PMC10017123,10.34133/research.0081,2023
BBa_B0025,PMC9951541,10.1186/s13068-023-02280-9,2023
BBa_B0015,PMC9950086,10.1038/s41467-023-36670-2,2023
BBa_E1010,PMC9949093,10.1101/2023.02.15.528778,2023
BBa_J23100,PMC9850600,10.1186/s12934-022-02015-9,2023
BBa_K2669002,PMC9835291,10.1186/s12934-023-02020-6,2023
BBa_J23118,PMC9881133,10.1093/nar/gkac1248,2023
